Voluntari_IdPersona;Voluntari_Sexe;Voluntari_FranjaEdat;Voluntari_Municipi;Voluntari_DataAlta;Voluntari_Estudiant;Voluntari_Treballador;Voluntari_Aturat;Voluntari_Jubilat;Voluntari_Derivats;Voluntari_Voluntaris
1;D;3;SABADELL;2015/01/07;N;N;N;N;3;1
3;H;2;BARCELONA;2015/01/07;N;N;N;N;4;1
4;H;2;SABADELL;2015/01/07;N;N;N;N;5;3
5;H;3;SABADELL;2015/01/07;N;N;N;N;3;0
6;D;1;SABADELL;2015/01/07;N;N;N;N;2;0
7;H;3;SABADELL;2015/01/07;N;N;N;N;3;0
8;D;1;SABADELL;2015/01/07;N;N;N;N;4;1
9;D;3;;2015/01/07;N;N;N;N;2;1
10;D;2;SABADELL;2011/02/15;N;N;N;Y;5;1
11;D;2;Sabadell;2015/01/07;N;N;N;N;6;1
12;D;3;SABADELL;2015/01/07;N;N;N;N;0;1
13;H;2;SABADELL;2015/01/07;N;N;N;N;4;1
14;D;2;SABADELL;2015/01/07;N;N;N;N;3;1
15;D;3;SABADELL;2015/01/07;N;N;N;N;1;1
16;D;1;SABADELL;2015/01/07;N;N;N;N;3;0
17;D;3;"BARBERÀ DEL VALLÈS";2015/01/07;Y;N;N;N;5;1
18;D;3;SABADELL;2015/01/07;N;N;N;N;3;1
19;D;2;"BADIA DEL VALLÈS";2015/01/07;N;N;N;N;3;1
20;D;1;SABADELL;2015/01/07;Y;N;N;N;3;0
21;D;1;SABADELL;2015/01/07;N;Y;N;N;2;0
22;D;3;SABADELL;2015/01/07;N;N;N;N;3;1
24;H;2;;2015/01/07;N;N;N;Y;2;1
25;H;3;Sabadell;2015/01/07;N;N;N;N;4;0
26;D;3;SABADELL;2015/01/07;N;N;N;N;3;1
27;D;2;SABADELL;2015/01/07;Y;N;N;N;5;1
28;D;1;SABADELL;2015/01/07;Y;N;N;N;3;1
29;D;1;SABADELL;2015/01/07;Y;N;N;N;2;1
30;D;1;MANACOR;2015/01/07;N;N;N;N;2;0
31;H;3;;2015/01/07;N;N;N;Y;1;1
32;D;3;SABADELL;2011/04/04;N;N;N;N;7;1
33;D;3;;2015/01/07;N;N;N;N;4;1
34;D;3;Sabadell;2015/01/07;N;N;N;N;3;0
35;H;3;SABADELL;2015/01/07;N;N;N;N;3;1
36;D;2;SABADELL;2015/01/07;N;N;N;N;3;1
37;D;2;Sabadell;2015/01/07;N;N;N;N;3;0
38;D;3;SABADELL;2015/01/07;N;N;Y;N;11;1
39;H;3;SABADELL;2015/01/07;N;N;Y;N;3;1
40;H;2;SABADELL;2015/01/07;N;N;N;N;2;0
41;H;4;;2015/01/07;N;N;N;Y;2;1
42;D;1;SABADELL;2015/01/07;Y;N;N;N;5;1
43;H;1;;2015/01/07;Y;N;N;N;3;0
44;H;3;SABADELL;2015/01/07;N;N;N;Y;4;1
45;D;3;SABADELL;2011/06/16;N;N;N;N;4;1
46;H;1;;2015/01/07;Y;N;N;N;4;1
47;H;1;SABADELL;2015/01/07;Y;N;N;N;4;1
48;D;2;;2015/01/07;N;N;N;N;8;1
49;H;3;;2015/01/07;N;N;N;Y;2;1
50;D;2;;2015/01/07;N;N;Y;N;5;1
53;H;1;SABADELL;2015/01/07;N;N;N;N;5;1
54;H;2;SABADELL;2015/01/07;N;N;N;N;6;1
55;D;2;SABADELL;2015/01/07;N;N;N;N;3;1
56;D;3;SABADELL;2015/01/07;N;N;N;Y;0;1
57;H;2;SABADELL;2015/01/07;Y;Y;N;N;6;1
58;D;2;SABADELL;2015/01/07;N;N;N;N;0;1
59;D;1;;2015/01/07;N;N;N;N;0;0
60;D;1;SABADELL;2015/01/07;N;N;N;N;5;1
61;D;2;SABADELL;2015/01/07;N;N;N;N;0;1
62;D;1;SABADELL;2015/01/07;N;N;N;N;0;1
63;D;3;SABADELL;2015/01/07;N;N;Y;N;0;1
64;D;1;SABADELL;2015/01/07;N;N;Y;N;0;1
65;D;2;;2015/01/07;N;N;Y;N;0;1
66;D;3;SABADELL;2015/01/07;N;N;N;Y;0;1
67;D;1;;2015/01/07;Y;N;N;N;5;1
68;D;1;;2015/01/07;Y;N;N;N;5;0
69;D;2;;2015/01/07;N;N;N;N;6;1
70;H;3;;2015/01/07;N;Y;N;N;0;1
72;H;2;SABADELL;2015/01/07;N;N;N;N;5;1
73;D;3;SABADELL;2015/01/07;N;N;N;Y;3;1
74;H;3;SABADELL;2015/01/07;N;N;N;N;0;0
75;D;3;SABADELL;2015/01/07;N;N;N;N;0;0
76;D;3;SABADELL;2015/01/07;N;N;N;N;0;1
77;D;3;;2015/01/07;N;N;N;N;0;1
78;D;2;"BADIA DEL VALLÈS";2015/01/07;N;N;N;N;0;1
79;H;3;"BADIA DEL VALLÈS";2015/01/07;N;N;Y;N;0;1
80;H;1;;2015/01/07;N;N;N;N;0;1
81;D;3;"BARBERÀ DEL VALLÈS";2015/01/07;N;N;N;Y;0;1
82;D;3;;2015/01/07;N;Y;N;N;0;1
83;H;3;;2015/01/07;N;N;N;N;0;1
84;D;4;SABADELL;2015/01/07;N;N;N;Y;0;1
86;H;3;SABADELL;2015/01/07;N;Y;N;N;0;1
87;H;1;SABADELL;2015/01/07;Y;N;N;N;0;1
88;D;4;SABADELL;2015/01/07;N;N;N;Y;0;1
89;D;3;SABADELL;2015/01/07;N;Y;N;N;0;1
90;D;2;;2015/01/07;N;N;Y;N;0;1
91;D;1;SABADELL;2015/01/07;Y;N;N;N;5;0
92;D;1;SABADELL;2015/01/07;Y;N;N;N;1;1
93;D;2;Sabadell;2015/01/07;Y;N;N;Y;3;1
94;D;3;;2015/01/07;N;N;N;N;1;1
95;D;2;SABADELL;2015/01/07;N;N;N;N;3;1
96;D;4;SABADELL;2015/01/07;N;N;N;N;2;1
97;D;4;;2015/01/07;N;Y;N;N;2;1
98;D;2;Sabadell;2015/01/07;N;N;N;N;5;1
99;H;2;ALICANTE/ALACANT;2015/01/07;N;N;N;N;6;1
100;D;3;SABADELL;2015/01/07;N;N;N;N;1;0
101;D;1;SABADELL;2015/01/07;N;N;N;N;1;0
102;H;3;SABADELL;2015/01/07;N;N;N;N;3;1
103;D;2;SABADELL;2015/01/07;N;N;N;N;5;1
104;D;2;Montmeló;2015/01/07;N;N;N;N;3;0
107;D;3;SABADELL;2015/01/07;N;N;N;N;3;1
108;H;2;;2015/01/07;Y;N;N;N;2;0
109;D;3;Sabadell;2015/01/07;N;N;N;N;6;1
111;D;2;SABADELL;2015/01/07;N;N;N;N;4;1
112;D;3;Sabadell;2015/01/07;N;Y;N;N;3;0
113;D;3;Sabadell;2015/01/07;N;N;N;N;0;0
114;D;4;SABADELL;2015/01/07;N;N;N;N;0;0
115;D;3;Sabadell;2015/01/07;N;Y;N;N;3;0
116;H;3;SABADELL;2015/01/07;N;N;N;N;0;0
117;D;3;Sabadell;2015/01/07;N;N;N;N;0;0
118;H;3;Sabadell;2015/01/07;N;N;N;N;0;0
119;H;3;Sabadell;2015/01/07;N;N;N;N;0;1
120;D;2;Sabadell;2015/01/07;N;N;N;N;0;0
121;D;2;Sabadell;2015/01/07;N;N;N;N;3;1
122;H;3;Sabadell;2015/01/07;N;N;N;N;4;1
123;D;1;Sabadell;2015/01/07;N;N;Y;N;6;1
125;D;3;Sabadell;2015/01/07;N;N;N;N;3;0
126;D;2;Sabadell;2015/01/07;N;N;Y;N;7;0
127;D;3;Sabadell;2015/01/07;N;N;N;N;0;0
128;D;1;Sabadell;2015/01/07;N;N;N;N;4;1
129;H;4;Sabadell;2015/01/07;N;N;N;Y;3;0
130;D;2;SABADELL;2015/01/07;N;N;N;N;2;0
131;H;3;SABADELL;2015/01/07;N;N;N;N;3;0
132;H;3;TURRE;2015/01/07;N;N;N;N;4;1
133;D;2;SABADELL;2015/01/07;N;N;N;N;4;0
134;D;1;SABADELL;2015/01/07;N;N;N;N;1;1
135;H;4;BARCELONA;2015/01/07;N;N;N;Y;4;0
136;D;2;SABADELL;2015/01/07;N;Y;N;N;4;0
137;H;4;SABADELL;2015/01/07;N;N;N;Y;2;0
138;D;3;SABADELL;2015/01/07;N;N;N;Y;3;1
139;D;3;SABADELL;2015/01/07;N;N;Y;N;5;0
141;D;4;SABADELL;2012/02/01;N;N;N;Y;7;0
142;D;2;Sabadell;2015/01/07;N;N;N;N;2;1
143;D;2;Sabadell;2015/01/07;N;N;N;N;3;0
144;H;3;Sabadell;2015/01/07;N;N;N;Y;2;0
146;D;2;Sabadell;2015/01/07;N;N;N;N;4;1
147;H;2;TERRASSA;2015/01/07;N;N;N;N;3;0
148;H;3;"Sant Quirze del Vallès";2015/01/07;N;N;Y;N;3;1
149;H;4;"Sant Quirze del Vallès";2015/01/07;N;N;N;Y;3;1
150;D;1;SABADELL;2015/01/07;N;N;Y;N;3;0
151;D;2;Sabadell;2015/01/07;N;N;N;N;4;1
152;H;2;"Sant Quirze del Vallès";2015/01/07;N;N;N;N;6;1
153;D;3;Sabadell;2015/01/07;N;Y;N;N;4;1
154;H;2;Sabadell;2015/01/07;Y;N;N;N;1;0
155;D;2;SABADELL;2015/01/07;N;N;Y;N;4;0
156;D;4;Sabadell;2015/01/07;N;N;N;Y;2;0
157;H;2;SABADELL;2015/01/07;Y;N;N;N;5;0
158;H;2;SABADELL;2015/01/07;N;N;N;N;2;0
159;H;4;SABADELL;2015/01/07;N;N;N;Y;3;1
160;H;3;SABADELL;2015/01/07;N;N;N;N;3;1
161;H;2;Sabadell;2015/01/07;N;Y;N;N;1;0
162;D;1;SABADELL;2015/01/07;N;N;N;N;4;1
163;D;3;"BARBERÀ DEL VALLÈS";2015/01/07;N;N;N;Y;3;2
164;D;1;"Cerdanyola del Vallès";2015/01/07;N;N;N;N;4;1
165;D;2;SABADELL;2015/01/07;Y;N;Y;N;4;0
166;H;3;;2015/01/07;N;N;Y;N;3;0
167;D;3;SABADELL;2015/01/07;N;N;N;Y;3;2
168;D;2;Sabadell;2015/01/07;N;N;N;N;3;0
169;D;2;Sabadell;2015/01/07;N;N;N;N;6;0
170;H;3;SABADELL;2015/01/07;N;N;N;N;2;0
172;D;1;;2015/01/07;Y;N;N;N;0;0
173;D;3;SABADELL;2015/01/07;N;N;N;N;6;1
174;D;1;SABADELL;2015/01/07;N;N;N;N;7;1
175;D;3;Sabadell;2015/01/07;N;N;N;Y;4;1
178;H;2;Sitges;2015/01/07;N;N;N;N;5;0
179;D;2;Sabadell;2015/01/07;N;N;N;N;3;0
180;D;3;"CERDANYOLA DEL VALLÈS";2015/01/07;N;N;N;N;2;1
182;D;3;"CASTELLAR DEL VALLÈS";2015/01/07;N;N;N;N;7;0
183;D;2;Sabadell;2015/01/07;N;N;N;N;2;1
184;D;3;SABADELL;2015/01/07;N;Y;N;N;7;0
185;D;1;Sabadell;2015/01/07;Y;N;N;N;8;0
186;D;2;"CASTELLAR DEL VALLÈS";2015/01/07;N;N;N;N;8;0
187;D;3;Sabadell;2015/01/07;N;N;N;N;3;0
188;D;2;Sabadell;2015/01/07;Y;N;N;N;3;0
189;D;2;SABADELL;2015/01/07;N;N;N;N;2;0
190;D;1;"Sant Quirze del Vallès";2015/01/07;Y;N;N;N;3;1
192;D;2;SABADELL;2015/01/07;N;N;N;N;4;0
193;D;1;SABADELL;2015/01/07;N;N;N;N;5;0
194;D;3;Sabadell;2015/01/07;N;N;N;N;3;0
195;D;3;SABADELL;2015/01/07;N;N;N;N;4;0
196;H;2;SABADELL;2015/01/07;N;N;N;N;4;0
197;D;3;Sabadell;2015/01/07;N;Y;N;N;4;1
198;D;2;SABADELL;2015/01/07;N;Y;N;N;6;1
199;D;3;"SANT QUIRZE DEL VALLÈS";2015/01/07;N;Y;N;N;4;1
200;H;3;SABADELL;2015/01/07;N;N;Y;N;8;1
201;H;2;"Sant Cugat";2015/01/07;N;Y;N;N;7;0
202;D;4;SABADELL;2015/01/07;N;Y;N;N;5;1
203;H;2;Sabadell;2015/01/07;N;N;Y;N;2;1
204;D;3;SABADELL;2015/01/07;N;N;N;N;7;1
205;D;2;SABADELL;2015/01/07;N;N;N;N;7;0
206;H;3;SABADELL;2015/01/07;N;N;N;Y;7;1
207;D;3;Sabadell;2015/01/07;N;Y;N;N;4;1
208;D;3;Sabadell;2015/01/07;N;N;N;N;0;1
209;D;3;Terrassa;2015/01/07;N;N;N;N;0;0
210;H;3;SABADELL;2015/01/07;N;N;N;N;0;0
211;H;1;Sabadell;2015/01/07;N;N;N;N;0;0
212;D;3;Sabadell;2015/01/07;N;N;N;N;0;0
213;H;2;Sabadell;2015/01/07;N;N;N;N;0;1
214;D;3;SABADELL;2015/01/07;N;N;Y;N;0;1
215;D;3;Sabadell;2015/01/07;N;N;N;N;0;0
216;D;2;Sabadell;2015/01/07;N;N;N;N;1;0
217;D;3;Sabadell;2015/01/07;N;N;N;N;3;0
218;D;1;SABADELL;2015/01/07;N;N;N;N;5;0
219;D;3;SABADELL;2015/01/07;N;N;Y;N;4;0
220;D;1;TERRASSA;2015/01/07;N;N;N;Y;5;0
221;D;1;SABADELL;2015/01/07;Y;N;N;N;3;0
222;D;3;SABADELL;2015/01/07;N;N;N;N;4;1
223;H;3;SABADELL;2015/01/07;N;N;N;N;1;0
224;D;3;SABADELL;2015/01/07;N;N;N;N;1;0
225;D;3;SABADELL;2015/01/07;N;Y;N;N;1;1
226;D;2;SABADELL;2015/01/07;N;N;N;N;1;0
227;H;3;BARCELONA;2015/01/07;N;N;N;N;1;0
228;D;2;Sabadell;2015/01/07;N;N;N;N;1;0
229;D;3;Sabadell;2015/01/07;N;N;Y;N;1;0
230;H;1;Sabadell;2015/01/07;Y;N;N;N;6;0
231;D;3;Sabadell;2015/01/07;N;N;N;N;4;1
232;H;3;Sabadell;2015/01/07;N;N;N;N;3;0
233;H;2;Granollers;2015/01/07;N;N;N;N;5;0
234;D;3;SABADELL;2015/01/07;N;N;N;Y;2;0
235;D;1;;2015/01/07;N;N;N;N;0;0
236;D;1;SABADELL;2015/01/07;N;N;N;N;0;0
237;H;1;"CERDANYOLA DEL VALLÈS";2015/01/07;N;N;N;N;0;0
238;D;1;;2015/01/07;N;N;N;N;0;0
239;D;1;SENTMENAT;2015/01/07;N;N;N;N;0;0
240;D;2;SABADELL;2015/01/07;N;N;N;N;0;0
242;D;1;SABADELL;2015/01/07;N;N;N;N;0;0
243;H;1;SABADELL;2015/01/07;N;N;N;N;0;0
244;H;1;SABADELL;2015/01/07;N;N;N;N;0;0
245;H;3;SABADELL;2015/01/07;N;N;N;N;0;0
246;D;1;SABADELL;2015/01/07;N;N;N;N;0;0
247;D;1;SABADELL;2015/01/07;N;N;N;N;0;0
248;H;1;SABADELL;2015/01/07;N;N;N;N;0;0
249;D;1;;2015/01/07;N;N;N;N;0;0
250;H;1;SABADELL;2015/01/07;N;N;N;N;0;0
251;D;1;SABADELL;2015/01/07;N;N;N;N;0;0
252;H;1;;2015/01/07;N;N;N;N;0;0
253;H;1;SABADELL;2015/01/07;N;N;N;N;0;0
254;D;1;TERRASSA;2015/01/07;N;N;N;N;0;0
255;H;1;SABADELL;2015/01/07;N;N;N;N;0;0
256;D;3;SABADELL;2015/01/07;N;N;N;N;0;0
257;H;1;SABADELL;2015/01/07;N;N;N;N;0;0
258;D;1;"SANT QUIRZE DEL VALLÈS";2015/01/07;N;N;N;N;0;0
259;D;1;;2015/01/07;N;N;N;N;0;0
260;D;1;SABADELL;2015/01/07;N;N;N;N;0;0
261;H;1;SABADELL;2015/01/07;N;N;N;N;0;0
262;D;1;SABADELL;2015/01/07;N;N;N;N;0;0
263;D;1;;2015/01/07;N;N;N;N;0;0
264;D;3;SABADELL;2015/01/07;N;N;N;N;0;0
265;D;1;SABADELL;2015/01/07;N;N;N;N;0;0
266;D;1;;2015/01/07;N;N;N;N;0;0
267;H;1;SABADELL;2015/01/07;N;N;N;N;0;0
268;H;1;"BARBERÀ DEL VALLÈS";2015/01/07;N;N;N;Y;1;0
269;H;1;SENTMENAT;2015/01/07;N;N;N;N;0;1
270;D;2;SABADELL;2015/01/07;N;N;N;N;0;0
271;D;1;SABADELL;2015/01/07;N;N;N;N;0;0
272;H;3;SABADELL;2015/01/07;N;N;N;N;0;1
273;D;1;SABADELL;2015/01/07;N;N;N;N;0;0
274;D;2;SABADELL;2015/01/07;N;N;N;N;4;0
275;H;1;SABADELL;2015/01/07;N;N;N;N;0;0
276;D;3;SABADELL;2015/01/07;N;N;N;N;0;0
277;D;1;SABADELL;2015/01/07;N;N;N;N;0;0
278;D;1;;2015/01/07;N;N;N;N;0;0
279;D;2;SABADELL;2015/01/07;N;N;N;N;0;0
280;D;4;SABADELL;2015/01/07;N;N;N;N;0;1
281;H;1;;2015/01/07;N;N;N;N;0;0
283;H;1;;2015/01/07;N;N;N;N;0;0
284;H;1;SABADELL;2015/01/07;N;N;N;N;0;0
286;D;1;SABADELL;2015/01/07;N;N;N;N;0;0
287;H;2;SABADELL;2015/01/07;N;N;N;N;0;0
288;D;1;;2015/01/07;N;N;N;N;0;0
289;H;1;SABADELL;2015/01/07;N;N;N;N;0;0
290;H;1;"Sant Quirze del Vallès";2015/01/07;N;N;N;N;5;0
291;H;4;"Castellar del Vallès";2015/01/07;N;N;N;Y;3;0
292;H;1;SABADELL;2015/01/07;N;N;Y;N;3;0
293;D;2;SABADELL;2015/01/07;Y;N;N;N;7;0
294;D;2;Sabadell;2015/01/07;N;Y;N;N;3;1
295;H;2;Sabadell;2015/01/07;N;Y;N;N;6;0
296;D;1;Sabadell;2015/01/07;Y;N;N;N;4;1
297;D;1;Sabadell;2015/01/07;Y;N;N;N;5;0
298;D;2;Sabadell;2015/01/07;N;Y;N;N;4;1
299;H;3;SABADELL;2015/01/07;N;N;N;Y;3;1
300;D;1;;2015/01/07;N;N;Y;N;5;0
301;D;2;Sabadell;2015/01/07;N;N;N;N;5;0
302;D;2;Sabadell;2015/01/07;N;N;N;N;6;1
303;D;2;"Castellar del Vallès";2015/01/07;N;N;N;N;5;0
304;D;3;SABADELL;2015/01/07;N;N;Y;N;12;1
305;D;4;SABADELL;2015/01/07;N;N;N;Y;16;1
306;D;2;"Sant Quirze del Vallès";2015/01/07;N;Y;N;N;7;1
307;H;3;SABADELL;2015/01/07;N;N;N;N;4;0
308;D;2;SABADELL;2015/01/07;N;Y;N;N;6;1
309;D;3;Sabadell;2015/01/07;N;N;N;N;7;0
310;D;3;"SANT QUIRZE DEL VALLÈS";2015/01/07;N;N;N;N;5;1
311;D;3;Sabadell;2015/01/07;N;N;N;N;4;0
312;D;1;SABADELL;2015/01/07;Y;N;N;N;7;0
313;H;1;;2015/01/07;N;N;N;N;4;0
314;H;3;"Barberà del Vallès";2015/01/07;N;N;Y;N;5;0
315;D;1;SABADELL;2015/01/07;N;N;N;N;2;0
316;D;4;SABADELL;2015/01/07;N;N;N;Y;3;0
317;D;3;Sabadell;2015/01/07;N;N;N;N;5;1
318;H;3;Sabadell;2015/01/07;N;N;Y;N;3;1
319;H;2;SABADELL;2015/01/07;N;N;N;N;4;0
320;D;3;Sabadell;2015/01/07;N;N;N;N;5;1
322;H;1;Sabadell;2015/01/07;N;N;Y;N;5;0
323;D;3;Sabadell;2015/01/07;N;Y;N;N;3;0
324;D;3;"Castellar del Vallès";2015/01/07;N;Y;N;N;4;1
325;D;2;SABADELL;2015/01/07;N;N;N;N;4;1
327;H;2;Sabadell;2015/01/07;N;N;Y;N;5;0
328;D;3;Polinyà;2015/01/07;N;N;N;N;3;0
329;D;2;Sabadell;2015/01/07;N;N;N;N;2;0
330;D;2;Sabadell;2015/01/07;N;N;N;N;6;0
331;D;3;SABADELL;2015/01/07;N;N;N;N;4;0
332;D;3;Sabadell;2015/01/07;N;N;N;N;5;1
333;H;2;SABADELL;2015/01/07;N;Y;N;N;2;0
334;D;1;SABADELL;2015/01/07;Y;N;N;N;6;0
335;D;1;SABADELL;2015/01/07;Y;N;Y;N;4;1
336;D;3;SABADELL;2015/01/07;N;Y;N;N;5;0
337;D;1;SABADELL;2015/01/07;Y;N;N;N;8;0
338;H;1;Sabadell;2015/01/07;N;N;N;Y;3;0
339;D;4;Sabadell;2015/01/07;N;N;N;Y;2;1
340;D;2;SABADELL;2015/01/07;N;N;Y;N;5;0
342;D;2;Sabadell;2015/01/07;N;N;N;Y;5;1
343;H;2;Sabadell;2015/01/07;N;N;Y;N;5;0
344;H;2;SABADELL;2015/01/07;N;N;Y;N;2;0
345;H;3;Sabadell;2015/01/07;N;N;N;N;5;0
346;D;3;Sabadell;2015/01/07;N;N;N;Y;4;1
347;D;3;SABADELL;2015/01/07;N;Y;N;N;10;0
348;D;1;SABADELL;2015/01/07;N;N;Y;N;5;0
349;D;1;SABADELL;2012/11/21;N;Y;N;N;5;0
350;D;3;"SANT QUIRZE DEL VALLÈS";2015/01/07;N;N;N;N;7;1
351;D;2;"St. Quirze";2015/01/07;N;Y;N;N;6;0
352;H;3;SABADELL;2015/01/07;N;N;N;N;2;0
353;D;3;Sabadell;2015/01/07;N;N;Y;N;2;0
354;H;3;Sabadell;2015/01/07;N;N;Y;N;3;0
355;D;2;Sabadell;2015/01/07;N;N;N;N;4;0
356;D;2;Sabadell;2015/01/07;N;N;N;N;6;0
357;H;1;SABADELL;2015/01/07;N;N;N;N;4;1
358;H;3;Sabadell;2015/01/07;N;N;Y;N;4;0
359;H;3;"Badia del Vallès";2015/01/07;N;N;N;Y;2;0
360;D;1;SABADELL;2015/01/07;Y;N;N;N;8;1
361;D;1;Sabadell;2015/01/07;N;N;N;N;5;0
362;D;2;Sabadell;2015/01/07;N;Y;N;N;4;0
363;D;2;Sabadell;2015/01/07;N;N;Y;N;5;1
364;H;3;SABADELL;2015/01/07;N;N;N;Y;4;0
365;D;3;Sabadell;2015/01/07;N;Y;N;N;5;1
366;H;3;SABADELL;2015/01/07;N;N;N;N;0;0
367;H;3;SABADELL;2015/01/07;N;N;N;N;0;0
368;D;3;SABADELL;2015/01/07;N;N;N;N;0;1
369;H;3;"MOLLET DEL VALLÈS";2015/01/07;N;N;N;N;0;0
370;D;3;Sabadell;2015/01/07;N;Y;N;N;7;1
371;D;1;Sabadell;2015/01/07;N;N;N;N;0;0
372;H;3;SABADELL;2015/01/07;N;N;N;N;0;0
373;H;3;;2015/01/07;N;N;N;N;0;0
374;D;3;Sabadell;2015/01/07;N;N;N;N;0;1
375;D;3;SABADELL;2015/01/07;N;N;N;N;0;0
376;D;3;Sabadell;2015/01/07;N;N;Y;N;3;1
377;D;1;"Barberà del Vallès";2015/01/07;N;N;N;N;4;0
378;H;2;Sabadell;2015/01/07;N;N;N;N;5;0
379;D;1;SABADELL;2015/01/07;N;N;N;N;5;0
380;D;3;Sabadell;2015/01/07;N;Y;N;N;5;1
381;H;3;Sabadell;2015/01/07;N;Y;N;N;2;0
383;H;3;Sabadell;2015/01/07;N;N;N;Y;2;0
384;D;2;Sabadell;2015/01/07;N;N;Y;N;7;0
386;D;2;Sabadell;2015/01/07;N;Y;N;N;2;0
387;H;1;SABADELL;2015/01/07;N;Y;N;N;4;0
388;D;3;SABADELL;2015/01/07;N;N;Y;N;6;0
389;H;1;;2015/01/07;N;N;N;N;2;0
390;D;2;SABADELL;2015/01/07;N;N;Y;N;3;0
391;D;1;SABADELL;2015/01/07;N;N;N;N;0;0
392;D;3;SABADELL;2015/01/07;N;N;Y;N;3;0
393;D;4;SABADELL;2015/01/07;N;N;N;Y;3;1
394;D;3;Sabadell;2015/01/07;N;N;Y;N;6;1
395;D;3;TERRASSA;2015/01/07;N;Y;N;N;4;1
396;D;2;Sabadell;2015/01/07;N;Y;N;N;5;0
397;D;3;"SANT QUIRZE DEL VALLÈS";2015/01/07;N;Y;N;N;6;0
398;D;2;"Sant Quirze";2015/01/07;N;Y;N;N;4;0
399;D;3;Sabadell;2015/01/07;N;N;N;N;3;1
400;D;4;SABADELL;2015/01/07;N;N;N;Y;3;0
401;H;2;Sabadell;2015/01/07;N;N;N;N;4;0
402;H;1;Sabadell;2015/01/07;N;N;N;N;6;0
403;D;1;Sabadell;2015/01/07;Y;N;N;N;4;1
404;D;3;SABADELL;2015/01/07;N;N;N;Y;0;0
405;D;2;SABADELL;2015/01/07;N;Y;N;N;8;0
406;D;1;"Castellar del Vallès";2015/01/07;Y;N;N;N;4;0
407;D;3;SABADELL;2015/01/07;N;N;N;Y;4;0
408;H;1;"Sant Quirze del Vallès";2015/01/07;Y;N;N;N;4;1
409;D;1;Sabadell;2015/01/07;Y;N;N;N;3;0
410;D;1;SABADELL;2015/01/07;Y;N;N;N;3;0
411;D;3;Sabadell;2015/01/07;N;Y;N;N;4;0
412;H;4;Sabadell;2015/01/07;N;N;N;Y;4;1
413;H;2;SABADELL;2015/01/07;N;N;Y;N;3;0
414;H;2;SABADELL;2015/01/07;N;N;Y;N;5;1
415;D;3;Sabadell;2015/01/07;N;N;N;N;2;0
416;D;1;SABADELL;2015/01/07;Y;N;N;N;2;0
417;D;3;Sabadell;2015/01/07;N;N;N;N;5;0
418;D;3;SABADELL;2015/01/07;N;N;N;N;3;1
419;D;2;Sabadell;2015/01/07;Y;N;Y;N;5;0
422;D;3;Sabadell;2015/01/07;N;Y;N;N;5;0
423;D;3;Sabadell;2015/01/07;N;N;N;Y;4;1
424;H;2;Sabadell;2015/01/07;Y;N;N;N;3;0
425;D;1;Sabadell;2015/01/07;Y;N;N;N;5;1
426;H;1;SABADELL;2015/01/07;Y;Y;N;N;3;0
427;D;2;Sabadell;2015/01/07;N;Y;N;N;4;1
428;D;2;"Barberà del Vallès";2015/01/07;Y;N;N;N;4;0
429;D;3;SABADELL;2015/01/07;N;N;N;Y;0;0
430;D;2;SABADELL;2013/02/12;N;N;N;N;0;0
431;H;2;Sabadell;2015/01/07;N;N;N;Y;4;0
432;D;3;SABADELL;2015/01/07;N;N;Y;N;4;1
434;D;3;Sabadell;2015/01/07;N;Y;N;N;4;0
435;D;1;Sabadell;2015/01/07;Y;N;N;N;6;0
436;D;3;SABADELL;2015/01/07;N;Y;N;N;7;0
437;D;2;Sabadell;2015/01/07;N;Y;N;N;5;0
438;D;2;;2015/01/07;N;Y;N;N;5;0
439;D;3;Sabadell;2015/01/07;N;N;N;N;0;0
440;D;1;SABADELL;2015/01/07;N;N;N;N;0;0
441;D;3;SABADELL;2015/01/07;N;N;N;N;4;0
442;D;3;Sabadell;2015/01/07;N;N;N;N;0;1
443;D;3;SABADELL;2015/01/07;N;Y;N;N;6;0
444;D;3;SABADELL;2015/01/07;N;N;N;N;0;0
445;D;3;Sabadell;2015/01/07;N;N;N;N;0;0
446;H;2;SABADELL;2013/03/04;N;N;N;Y;5;0
447;D;3;Vacarisses;2015/01/07;N;N;N;N;0;0
448;D;1;SABADELL;2015/01/07;N;N;N;N;0;0
449;D;3;Sabadell;2015/01/07;N;N;N;N;5;0
450;D;3;"Sant Quirze del Vallès";2015/01/07;N;N;N;N;0;1
451;D;4;SABADELL;2015/01/07;N;N;N;N;4;1
452;D;3;SABADELL;2015/01/07;N;N;N;N;0;1
454;D;3;Badia;2015/01/07;N;N;N;Y;3;0
455;H;3;Sabadell;2015/01/07;N;N;Y;N;6;0
456;D;1;Sabadell;2015/01/07;Y;N;N;N;3;0
457;H;2;Sabadell;2015/01/07;N;Y;N;N;3;1
458;H;4;SABADELL;2015/01/07;N;N;N;Y;2;1
459;D;2;SABADELL;2015/01/07;N;Y;N;N;4;0
460;D;2;SABADELL;2015/01/07;N;Y;N;N;6;0
461;D;1;SABADELL;2015/01/07;Y;N;N;N;3;0
462;D;2;Sabadell;2015/01/07;N;Y;N;N;2;0
463;D;1;Sabadell;2015/01/07;Y;N;N;N;7;0
464;D;2;SABADELL;2015/01/07;N;Y;N;N;4;0
465;D;1;Sabadell;2015/01/07;Y;N;N;N;4;0
466;D;2;Sabadell;2015/01/07;N;N;Y;N;3;0
467;H;3;SABADELL;2015/01/07;N;N;N;Y;6;1
468;D;1;Sabadell;2015/01/07;N;N;Y;N;5;0
469;D;1;SABADELL;2015/01/07;Y;N;N;N;4;1
470;H;3;SABADELL;2015/01/07;N;N;Y;N;3;0
471;D;3;Sabadell;2015/01/07;N;Y;N;N;7;0
472;D;1;SABADELL;2015/01/07;N;N;Y;N;7;1
473;D;2;"Badia del Vallès";2015/01/07;N;Y;N;N;4;0
474;D;3;TERRASSA;2015/01/07;N;N;N;Y;9;0
475;D;3;SABADELL;2015/01/07;N;Y;N;N;7;0
476;D;1;SABADELL;2015/01/07;Y;N;N;N;4;0
477;D;1;Terrassa;2015/01/07;Y;N;N;N;4;0
478;H;2;SABADELL;2015/01/07;N;N;Y;N;5;0
479;H;2;SABADELL;2015/01/07;N;N;Y;N;9;0
480;D;2;Sabadell;2015/01/07;N;Y;N;N;6;0
481;H;2;RUBÍ;2015/01/07;N;Y;N;N;6;0
482;D;4;SABADELL;2015/01/07;N;N;N;Y;0;0
483;D;2;"SANT QUIRZE DEL VALLÈS";2015/01/07;N;N;N;N;4;0
484;H;2;Sabadell;2015/01/07;N;N;Y;N;8;1
485;H;2;Sabadell;2015/01/07;N;N;Y;N;9;1
486;H;3;SABADELL;2015/01/07;N;N;N;N;6;1
487;D;3;SABADELL;2015/01/07;N;N;N;N;3;0
488;D;1;"SANT QUIRZE DEL VALLÈS";2015/01/07;Y;N;N;N;5;0
489;D;3;Sabadell;2015/01/07;N;Y;N;N;3;1
490;D;2;SABADELL;2015/01/07;N;Y;N;N;3;0
491;H;1;Sabadell;2015/01/07;Y;N;N;N;4;0
492;H;2;Sabadell;2015/01/07;N;Y;N;N;8;1
493;D;3;Sabadell;2015/01/07;N;Y;N;N;3;1
494;H;2;SABADELL;2015/01/07;Y;N;Y;N;7;1
495;D;3;Sabadell;2015/01/07;N;Y;N;N;5;0
496;H;2;Sabadell;2015/01/07;N;Y;N;N;2;0
497;D;3;SABADELL;2015/01/07;N;N;N;N;3;0
498;D;2;Sabadell;2015/01/07;N;Y;N;N;5;1
499;D;1;SABADELL;2015/01/07;Y;N;N;N;4;0
500;H;1;RUBÍ;2015/01/07;Y;N;N;N;5;1
501;D;2;SABADELL;2013/05/23;N;Y;N;N;7;1
502;H;2;Sabadell;2015/01/07;N;N;N;Y;4;0
503;D;3;"CASTELLAR DEL VALLÈS";2015/01/07;N;N;N;N;0;0
504;D;1;Sabadell;2014/01/20;N;N;N;N;7;0
505;D;3;Sabadell;2015/01/07;N;N;N;N;0;0
506;D;3;Sabadell;2015/01/07;N;N;N;N;0;0
507;D;3;SABADELL;2015/01/07;N;N;N;N;0;0
508;D;3;SABADELL;2015/01/07;N;N;N;N;0;0
509;D;3;"Cerdanyola del Vallès";2015/01/07;N;N;N;N;0;0
510;D;4;SABADELL;2015/01/07;N;N;N;N;0;1
512;H;2;"MOLLET DEL VALLÈS";2015/01/07;N;N;N;N;0;0
513;D;2;Sabadell;2015/01/07;N;N;N;N;0;1
514;D;3;Sabadell;2015/01/07;N;N;N;N;0;0
515;D;3;Sabadell;2015/01/07;N;N;N;N;0;0
516;D;1;Sabadell;2015/01/07;N;N;N;N;0;0
517;H;1;Sabadell;2015/01/07;N;N;N;N;0;0
518;D;3;"Castellar del Vallès";2015/01/07;N;N;N;N;0;0
519;D;3;SABADELL;2015/01/07;N;N;N;N;4;1
520;D;1;SABADELL;2015/01/07;N;N;N;N;0;0
523;H;3;;2015/01/07;N;N;N;Y;3;0
524;D;2;Sabadell;2015/01/07;N;N;N;N;5;0
525;D;1;Sabadell;2015/01/07;Y;N;N;N;6;0
526;D;3;Sabadell;2015/01/07;N;Y;N;N;5;0
527;H;2;Sabadell;2015/01/07;N;Y;N;N;4;1
528;H;3;Sabadell;2015/01/07;N;Y;N;N;6;1
529;D;4;Sabadell;2015/01/07;N;N;N;Y;4;0
530;H;1;Sabadell;2015/01/07;N;N;Y;N;4;0
531;D;2;Sabadell;2015/01/07;N;N;N;N;5;0
532;D;2;SABADELL;2015/01/07;N;Y;N;N;5;0
534;D;3;Sabadell;2015/01/07;N;N;N;N;0;0
535;H;2;"Castellar del Vallès";2015/01/07;N;N;N;N;0;0
536;H;3;Sabadell;2015/01/07;N;N;N;N;0;0
537;D;3;SABADELL;2015/01/07;N;N;N;N;0;0
538;D;3;Sabadell;2015/01/07;N;N;N;N;0;0
539;H;2;Sabadell;2015/01/07;N;N;N;N;0;0
540;D;4;SABADELL;2015/01/07;N;N;N;Y;0;0
541;H;4;Sabadell;2015/01/07;N;N;N;Y;0;0
542;D;1;Sentmenat;2015/01/07;N;N;N;N;0;0
543;H;3;SABADELL;2015/01/07;N;N;N;N;0;0
544;D;4;SABADELL;2015/01/07;N;N;N;Y;0;0
545;D;3;SABADELL;2015/01/07;N;N;N;N;0;0
546;D;3;Sabadell;2015/01/07;N;N;N;N;0;0
547;H;3;SABADELL;2015/01/07;N;N;N;N;0;0
548;D;2;Terrassa;2015/01/07;N;N;N;N;0;0
549;D;2;Sabadell;2015/01/07;N;N;N;N;0;0
550;D;3;Sabadell;2015/01/07;N;N;N;N;0;0
551;H;4;SABADELL;2015/01/07;N;N;N;Y;0;0
552;H;2;SABADELL;2015/01/07;N;N;N;N;0;0
553;H;1;SABADELL;2015/01/07;N;N;N;N;0;0
554;D;3;SABADELL;2015/01/07;N;N;N;N;0;0
555;D;3;SABADELL;2015/01/07;N;N;N;N;0;0
556;D;3;Sabadell;2015/01/07;N;N;N;N;0;0
558;H;2;TERRASSA;2015/01/07;N;N;N;N;4;0
559;D;3;SABADELL;2017/03/30;N;N;N;Y;4;1
560;D;1;"Castellar del Vallès";2015/01/07;Y;N;N;N;6;0
561;D;1;SABADELL;2015/01/07;N;Y;N;N;3;1
562;H;1;Sabadell;2015/01/07;Y;N;N;N;0;0
563;D;4;SABADELL;2015/01/07;N;N;N;Y;3;0
564;H;1;SABADELL;2013/07/02;Y;N;N;N;7;0
565;H;2;Sabadell;2015/01/07;N;N;Y;N;4;0
566;D;4;Sabadell;2015/01/07;N;N;N;Y;7;0
567;D;1;SABADELL;2015/01/07;Y;N;N;N;5;1
568;D;1;SABADELL;2015/01/07;N;N;N;N;7;1
569;D;2;Terrassa;2015/01/07;N;Y;N;N;4;0
570;H;1;;2015/01/07;N;Y;N;N;4;0
571;D;1;SABADELL;2015/01/07;N;N;N;N;4;0
572;D;1;Sabadell;2015/01/07;N;N;N;N;4;0
573;H;2;SABADELL;2015/01/07;N;N;Y;N;5;1
574;D;2;Sabadell;2015/01/07;N;Y;N;N;6;1
575;D;2;SABADELL;2015/01/07;N;N;Y;N;4;0
576;D;3;SABADELL;2015/01/07;N;Y;N;N;4;0
577;H;2;SABADELL;2015/01/07;N;Y;N;N;5;1
578;H;2;"St. Quirze del Vallès";2015/01/07;N;Y;N;N;6;0
579;D;2;Sabadell;2015/01/07;N;Y;N;N;6;1
580;D;3;SABADELL;2015/01/07;N;N;N;Y;6;1
582;H;3;SABADELL;2015/01/07;N;N;N;Y;5;0
583;H;1;SABADELL;2015/01/07;N;N;N;N;5;1
584;D;3;Sabadell;2015/01/07;N;N;N;Y;4;0
585;D;1;TERRASSA;2015/01/07;Y;N;N;N;5;0
586;D;1;SABADELL;2015/01/07;N;N;N;N;2;1
587;D;2;Sabadell;2015/01/07;N;N;N;N;4;0
588;D;3;"SANT QUIRZE DEL VALLÈS";2015/01/07;N;Y;N;N;3;0
589;H;3;Sabadell;2015/01/07;N;N;Y;N;5;1
590;H;2;"SANT CARLES DE LA RÀPITA";2015/01/07;N;N;N;N;5;1
591;H;1;SABADELL;2015/01/07;Y;N;N;N;5;1
592;D;3;Sabadell;2015/01/07;N;Y;N;N;4;0
593;D;3;Sabadell;2015/01/07;N;Y;N;N;8;1
595;D;2;SABADELL;2015/01/07;N;N;N;N;3;0
596;D;3;SABADELL;2015/01/07;N;N;Y;N;6;0
597;D;1;Sabadell;2015/01/07;N;N;N;N;6;0
598;D;1;SABADELL;2015/01/07;Y;Y;N;N;9;0
599;D;3;SABADELL;2015/01/07;Y;Y;N;N;5;2
601;D;3;SABADELL;2015/01/07;N;Y;N;N;4;0
602;D;2;Sabadell;2015/01/07;N;Y;N;N;7;1
603;D;4;SABADELL;2015/01/07;N;N;N;Y;2;1
604;D;3;SABADELL;2015/01/07;N;Y;N;N;5;0
605;D;3;SABADELL;2015/01/07;N;N;N;N;4;1
606;D;3;Sabadell;2015/01/07;N;N;N;N;6;1
607;H;3;Sabadell;2015/01/07;N;N;Y;N;4;0
608;D;2;SABADELL;2015/01/07;Y;N;N;N;5;0
609;D;1;Sabadell;2015/01/07;Y;N;N;N;5;0
610;D;3;"Sant Cugat del Vallès";2015/01/07;N;Y;N;N;6;0
611;D;3;Sabadell;2015/01/07;N;Y;N;N;5;1
612;D;3;SABADELL;2015/01/07;N;N;Y;N;0;1
613;D;3;"Barberà del Vallès";2015/01/07;N;Y;N;N;6;0
614;D;1;Sabadell;2015/01/07;Y;Y;N;N;5;0
615;D;1;Sabadell;2015/01/07;N;Y;N;N;8;0
616;H;2;SABADELL;2013/10/10;Y;N;N;N;5;1
617;H;1;"Montornés del Vallès";2015/01/07;N;N;Y;N;4;0
618;D;1;Cerdanyola;2015/01/07;Y;N;N;N;3;0
619;D;2;SABADELL;2015/01/07;Y;Y;N;N;4;1
621;D;3;SABADELL;2015/01/07;N;N;N;Y;1;1
622;D;3;Sabadell;2015/01/07;N;Y;N;N;7;1
623;D;1;"Sant Cugat del Vallès";2015/01/07;Y;N;N;N;8;0
624;H;1;Sabadell;2015/01/07;N;Y;N;N;4;0
625;H;3;Sabadell;2015/01/07;N;Y;N;N;5;0
626;H;3;Sabadell;2015/01/07;N;N;N;N;4;0
628;D;2;SABADELL;2015/01/07;N;N;N;N;1;0
629;H;2;SENTMENAT;2015/01/07;Y;Y;N;N;2;0
630;H;2;Sabadell;2015/01/07;Y;N;N;N;4;1
631;D;3;Sabadell;2015/01/07;N;N;Y;N;3;1
632;H;3;SABADELL;2015/01/07;N;N;N;Y;2;0
633;D;3;Sabadell;2015/01/07;N;Y;N;N;1;0
634;D;1;Sabadell;2015/01/07;N;N;N;N;3;0
635;D;1;SABADELL;2015/01/07;Y;N;N;N;4;0
636;D;3;Sabadell;2015/01/07;N;Y;N;N;6;1
637;D;3;Sabadell;2015/01/07;N;N;Y;N;2;0
638;D;2;Vacarisses;2015/01/07;N;Y;N;N;4;0
639;H;3;"BARBERÀ DEL VALLÈS";2015/01/07;N;N;N;Y;3;0
640;D;2;Sabadell;2015/01/07;N;N;N;N;0;1
641;D;2;Sabadell;2015/01/07;N;N;N;N;0;1
642;H;3;SABADELL;2015/01/07;N;N;N;N;0;1
643;D;3;Sabadell;2015/01/07;N;N;N;N;0;1
644;D;3;SABADELL;2015/01/07;N;N;N;Y;5;1
645;D;3;Sabadell;2015/01/07;N;N;N;N;0;1
646;D;1;Sabadell;2015/01/07;N;N;N;N;0;0
647;D;3;Sabadell;2015/01/07;N;N;Y;N;0;1
648;D;3;SABADELL;2015/01/07;N;N;N;N;0;1
649;D;2;Sabadell;2015/01/07;N;N;N;N;0;1
650;D;3;Sabadell;2015/01/07;N;N;N;N;0;1
651;D;1;"Sant Quirze del Vallès";2015/01/07;N;N;N;N;0;1
652;D;1;Sabadell;2015/01/07;N;N;N;N;0;1
653;D;2;Sabadell;2015/01/07;N;N;N;N;0;1
654;D;3;SABADELL;2015/01/07;N;N;N;N;0;1
656;D;3;SABADELL;2015/01/07;N;N;N;N;0;2
658;D;1;SABADELL;2015/01/07;N;Y;N;N;3;1
659;D;2;SABADELL;2015/01/07;N;N;N;N;0;1
660;D;2;Sabadell;2015/01/07;N;N;N;N;0;0
661;H;3;SABADELL;2015/01/07;N;N;N;N;0;0
662;H;2;Sabadell;2015/01/07;N;N;N;N;0;0
663;H;4;SABADELL;2015/01/07;N;N;N;Y;0;0
664;D;3;Sabadell;2015/01/07;N;Y;N;N;0;1
665;D;3;Sabadell;2015/01/07;N;N;N;N;0;0
666;D;4;SABADELL;2015/01/07;N;N;N;N;0;0
667;D;3;SABADELL;2015/01/07;N;N;N;N;0;0
668;D;3;Sabadell;2015/01/07;N;N;N;N;6;0
669;D;3;SABADELL;2015/01/07;N;N;N;Y;3;1
670;H;3;SABADELL;2015/01/07;N;N;N;N;0;0
671;D;2;Sabadell;2015/01/07;N;N;N;N;0;0
672;H;3;Sabadell;2015/01/07;N;N;N;N;0;0
673;D;3;Sabadell;2015/01/07;N;N;N;N;0;0
674;H;3;"Barberà del Vallès";2015/01/07;N;N;N;N;0;0
675;D;2;SABADELL;2015/01/07;N;Y;N;N;5;1
677;H;2;SABADELL;2015/01/07;N;N;Y;N;10;0
678;H;1;Sabadell;2015/01/07;N;N;N;N;0;0
679;H;3;Sabadell;2015/01/07;N;N;N;N;0;0
681;D;3;Sabadell;2015/01/07;N;N;N;N;0;0
682;D;2;Sabadell;2015/01/07;N;N;N;N;0;0
683;H;3;"ALÀS I CERC";2015/01/07;N;N;N;N;0;0
684;H;2;Sabadell;2015/01/07;N;N;N;N;0;0
685;D;3;Sabadell;2015/01/07;N;N;N;N;0;0
686;H;3;SABADELL;2015/01/07;N;N;N;N;0;0
687;H;3;SABADELL;2015/01/07;N;N;N;N;0;0
688;H;3;SABADELL;2015/01/07;N;N;N;N;0;0
689;H;2;Sabadell;2015/01/07;N;N;N;N;0;0
690;D;3;SABADELL;2015/01/07;N;Y;N;N;4;0
691;D;3;"Cerdanyola del Vallès";2015/01/07;N;Y;N;N;4;0
692;D;3;Sabadell;2015/01/07;N;N;Y;N;5;1
693;D;2;Sabadell;2015/01/07;N;Y;N;N;6;0
694;H;1;;2015/01/07;N;N;N;N;4;0
695;D;1;;2015/01/07;Y;N;Y;N;5;0
696;D;3;SABADELL;2015/01/07;N;N;Y;N;4;0
697;H;2;Sabadell;2015/01/07;N;N;Y;N;5;0
698;D;3;Sabadell;2015/01/07;N;Y;N;N;5;0
699;D;3;Sabadell;2015/01/07;N;N;Y;N;3;1
700;D;1;SABADELL;2015/01/07;Y;N;N;N;4;1
701;H;1;Sabadell;2015/01/07;N;N;Y;N;8;0
702;D;3;Sabadell;2015/01/07;N;N;N;N;0;0
703;H;2;"SANTA PERPÈTUA DE MOGODA";2015/01/07;N;N;N;N;0;0
704;H;3;Barcelona;2015/01/07;N;N;N;N;0;0
705;D;2;Sabadel;2015/01/07;N;N;N;N;0;0
706;H;3;Barcelona;2015/01/07;N;N;N;N;0;0
707;H;2;SABADELL;2015/01/07;N;N;N;N;0;0
708;D;2;Sabadell;2015/01/07;N;N;N;N;0;1
709;D;3;SABADELL;2014/02/04;N;Y;N;N;10;0
710;D;3;Sabadell;2015/01/07;N;N;N;N;0;0
711;H;3;SABADELL;2015/01/07;N;N;Y;N;3;0
712;H;3;Sabadell;2015/01/07;N;N;N;Y;5;0
713;H;1;Sabadell;2015/01/07;N;N;Y;N;7;0
714;D;3;Sabadell;2015/01/07;N;N;N;N;0;0
715;H;3;Sabadell;2015/01/07;N;N;Y;N;4;0
716;D;1;SABADELL;2015/01/07;N;N;Y;N;6;0
717;D;1;SABADELL;2015/01/07;N;Y;N;N;5;0
718;H;3;"SANT QUIRZE DEL VALLÈS";2014/06/11;N;Y;N;N;6;1
719;H;2;Sabadell;2015/01/07;N;N;N;N;5;1
720;D;1;Sabadell;2015/01/07;N;N;N;N;3;0
721;D;3;Sabadell;2015/01/07;N;Y;N;N;5;0
722;D;2;"BADIA DEL VALLÈS";2015/01/07;N;N;N;N;5;0
723;H;3;SABADELL;2015/01/07;N;Y;N;N;4;1
724;D;2;Sabadell;2015/01/07;N;Y;N;N;5;0
725;H;1;"Castellar del Vallès";2015/01/07;Y;N;N;N;4;0
726;D;2;Sabadell;2014/01/07;N;Y;N;N;5;0
727;H;4;SABADELL;2014/01/07;N;N;N;Y;7;1
728;H;3;Sabadell;2014/01/09;N;N;N;Y;5;1
729;H;3;Sabadell;2014/01/10;N;N;N;N;1;0
730;H;2;Sabadell;2014/01/09;N;Y;N;N;4;0
731;D;1;"Barberà del Vallès";2014/01/09;N;Y;N;N;3;0
732;D;3;SABADELL;2014/01/09;N;N;N;Y;3;0
733;D;2;Terrassa;2014/01/14;N;Y;N;N;4;0
734;H;3;Sabadell;2015/01/07;N;Y;N;N;3;0
735;D;3;Sabadell;2014/01/14;N;Y;N;N;3;1
736;H;2;Sabadell;2014/01/15;N;N;Y;N;4;1
739;D;4;SABADELL;2014/01/16;N;N;N;Y;2;0
740;D;3;SABADELL;2014/01/16;N;N;Y;N;6;0
741;D;1;Sabadell;2014/01/21;N;N;Y;N;2;1
742;H;2;Sabadell;2014/01/21;N;Y;N;N;3;0
743;D;3;SABADELL;2014/01/21;N;N;N;Y;5;1
744;D;3;Sabadell;2014/01/21;N;N;N;Y;4;1
745;D;2;SABADELL;2014/01/21;N;Y;N;N;6;1
746;H;2;PALAFRUGELL;2014/01/24;N;N;Y;N;2;0
747;D;3;SABADELL;2014/01/24;N;N;Y;N;7;1
748;D;3;Sabadell;2014/01/24;N;N;Y;N;7;1
749;D;2;Sabadell;2014/01/28;Y;Y;N;N;6;0
750;D;1;Sabadell;2014/01/28;N;Y;N;N;6;1
751;H;3;SABADELL;2014/01/28;N;Y;N;N;3;0
752;H;3;SABADELL;2014/01/28;N;N;Y;N;0;1
753;D;1;Sabadell;2014/01/28;Y;N;N;N;4;1
754;H;2;Sabadell;2014/01/29;N;Y;N;N;3;1
755;D;1;SABADELL;2014/05/04;Y;N;N;N;5;2
756;D;4;SABADELL;2014/02/10;N;N;N;Y;0;0
757;D;3;SABADELL;2014/02/10;N;N;N;Y;6;1
758;H;2;Sabadell;2014/02/11;N;N;Y;N;3;0
759;D;4;SABADELL;2014/02/11;N;N;N;Y;0;1
760;D;2;SABADELL;2014/02/18;N;Y;N;N;5;1
761;D;3;Sabadell;2014/02/18;N;Y;N;N;4;0
762;D;2;SABADELL;2014/02/18;N;Y;N;N;1;0
763;D;2;SABADELL;2014/02/20;N;N;Y;N;3;0
764;D;2;"Castellar del Vallès";2014/02/20;Y;N;Y;N;7;0
765;D;1;SABADELL;2014/02/20;N;N;Y;N;5;0
766;D;2;SABADELL;2014/02/20;N;Y;N;N;5;0
767;D;1;Sabadell;2014/02/20;Y;N;N;N;6;0
768;H;3;;2014/02/25;N;N;Y;N;4;1
769;D;3;SABADELL;2014/02/25;N;N;N;Y;0;0
770;H;3;"BARBERÀ DEL VALLÈS";2014/02/25;N;N;N;Y;5;0
771;D;1;Sabadell;2014/02/25;Y;N;N;N;8;1
772;H;3;SABADELL;2014/02/25;N;Y;N;N;6;0
773;H;2;Sabadell;2014/02/27;N;Y;N;N;4;0
775;D;1;Sabadell;2014/03/04;Y;N;N;N;4;0
776;D;3;SABADELL;2014/03/04;N;N;Y;N;4;1
777;D;3;RUBÍ;2014/03/06;N;N;Y;N;5;0
778;D;1;SABADELL;2014/03/04;Y;N;N;N;5;0
779;H;2;Sabadell;2014/03/06;N;N;Y;N;6;1
780;D;1;Sabadell;2014/03/06;Y;N;N;N;4;0
781;D;1;Sabadell;2014/03/06;Y;N;N;N;5;0
782;H;1;"CASTELLAR DEL VALLÈS";2014/03/11;Y;N;N;N;4;1
783;D;4;SABADELL;2014/03/11;N;N;N;Y;7;1
784;D;1;SABADELL;2014/03/11;Y;N;N;N;7;0
785;D;2;Sabadell;2014/03/13;N;N;Y;N;6;1
786;H;3;SABADELL;2014/03/13;N;N;Y;N;6;1
787;D;3;SABADELL;2014/03/19;N;N;N;Y;0;0
788;H;2;Sabadell;2014/03/19;N;N;Y;N;5;0
789;D;4;SABADELL;2014/03/19;N;N;N;Y;0;0
790;D;3;SABADELL;2014/03/19;N;N;N;Y;0;1
791;H;3;Sabadell;2014/03/19;N;N;N;N;0;1
792;D;3;Sabadell;2014/03/19;N;N;N;Y;0;0
793;D;3;Sabadell;2014/03/19;N;N;N;N;0;1
794;H;2;"CASTELLAR DEL VALLÈS";2014/02/18;N;N;Y;N;5;0
795;D;2;"SANTA PERPÈTUA DE MOGODA";2014/03/18;Y;N;Y;N;5;0
796;D;2;SABADELL;2014/03/18;N;N;Y;N;7;0
797;D;1;SABADELL;2014/03/20;N;Y;N;N;7;0
798;H;1;RUBÍ;2014/03/20;Y;N;N;N;6;0
800;D;1;Sabadell;2014/03/25;N;N;Y;N;4;0
801;D;3;SABADELL;2014/03/27;N;N;N;N;3;0
802;D;3;Sabadell;2014/03/27;N;Y;N;N;5;0
803;D;1;SABADELL;2014/03/27;N;N;N;Y;7;0
804;D;1;"Barberà del Vallès";2014/03/25;N;Y;N;N;0;0
805;D;3;Sabadell;2014/03/25;N;Y;N;N;3;1
806;D;1;Sabadell;2014/04/01;N;N;N;N;6;1
807;D;3;SABADELL;2014/04/01;N;N;N;Y;11;0
808;D;3;SABADELL;2014/04/03;N;N;N;Y;5;2
809;D;2;SABADELL;2014/04/01;N;Y;N;N;3;0
810;H;3;SABADELL;2014/04/08;N;N;N;N;3;1
811;D;1;Sabadell;2014/04/09;Y;N;N;N;5;0
812;D;1;SABADELL;2014/04/08;Y;N;N;N;4;0
813;D;1;SABADELL;2014/04/09;Y;N;N;N;13;3
814;D;1;"SANT QUIRZE DEL VALLÈS";2014/04/09;N;N;N;N;5;0
815;D;1;SABADELL;2014/04/17;Y;N;N;N;5;0
816;H;1;Sabadell;2014/04/22;N;N;Y;N;5;0
817;D;2;Sabadell;2014/04/22;N;Y;N;N;4;0
818;D;3;SABADELL;2014/04/22;N;N;N;Y;4;0
819;D;1;Sentmenat;2014/04/22;N;N;Y;N;8;1
820;D;3;SABADELL;2014/04/29;N;N;N;Y;3;0
821;D;2;Sabadell;2014/04/29;N;Y;N;N;5;0
822;D;1;"Castellar del Vallès";2014/04/29;N;N;N;N;4;0
823;D;1;Sabadell;2014/04/29;Y;N;N;N;6;0
824;H;2;Sabadell;2014/05/08;N;N;N;Y;6;1
825;D;2;Sabadell;2014/05/06;N;Y;N;N;5;1
826;D;1;SABADELL;2014/05/15;N;N;Y;N;5;0
827;H;2;Sabadell;2014/05/13;N;Y;N;N;6;0
828;D;3;SABADELL;2014/05/15;N;N;N;Y;4;2
829;D;3;Sabadell;2014/05/15;N;N;Y;N;7;1
830;D;1;SABADELL;2014/05/13;Y;N;N;N;4;0
831;H;1;SABADELL;2014/05/13;N;N;Y;N;7;0
832;D;1;SABADELL;2014/06/02;Y;N;N;N;4;0
833;D;2;SABADELL;2014/05/27;N;N;Y;N;11;2
834;D;2;Sabadell;2014/05/27;N;Y;N;N;6;1
835;H;2;"Barberà del Vallès";2014/05/27;N;Y;N;N;5;0
836;D;3;Sabadell;2014/05/29;N;Y;N;N;6;1
837;D;3;SABADELL;2014/05/29;N;N;Y;N;6;0
838;H;3;Sabadell;2014/06/12;N;N;N;N;5;0
839;D;1;Viladecavalls;2014/06/12;Y;N;N;N;0;0
841;D;1;Viladecavalls;2014/06/12;Y;N;N;N;0;0
843;H;3;Sabadell;2014/06/12;N;N;N;N;0;0
844;D;2;SABADELL;2014/06/12;N;N;N;N;0;0
845;D;3;Sabadell;2014/06/12;N;N;N;N;0;0
846;D;3;SABADELL;2014/06/12;N;Y;N;N;4;1
847;D;2;Sabadell;2014/06/12;N;Y;N;N;0;0
848;D;3;SABADELL;2014/06/12;N;N;Y;N;7;2
849;H;2;SABADELL;2014/06/12;N;N;Y;N;0;0
850;D;2;Sabadell;2014/06/03;N;Y;N;N;8;0
851;H;3;SABADELL;2014/06/03;Y;N;Y;N;2;0
852;H;3;SABADELL;2014/06/03;N;N;N;Y;7;0
853;H;3;Sabadell;2014/06/03;N;N;Y;N;4;1
854;D;1;Sabadell;2014/06/03;Y;Y;N;N;7;0
855;H;3;SABADELL;2014/06/04;N;N;N;Y;6;0
856;H;3;SABADELL;2014/06/20;N;Y;N;N;11;0
857;D;3;Sabadell;2014/06/25;N;N;N;Y;6;0
858;D;3;Sabadell;2014/06/25;N;N;Y;N;5;1
859;D;1;Sabadell;2014/06/25;Y;N;N;N;9;0
860;D;3;Sabadell;2014/07/01;N;N;Y;N;5;1
861;D;3;SABADELL;2014/07/08;N;N;N;N;5;1
862;D;1;SABADELL;2014/07/02;Y;N;N;N;6;0
863;D;3;Sabadell;2014/07/02;N;Y;N;N;3;0
864;H;1;SABADELL;2014/07/03;Y;Y;N;N;10;0
865;D;2;SABADELL;2014/07/03;Y;N;N;N;4;1
866;D;1;SABADELL;2014/07/03;N;N;Y;N;6;0
867;D;1;SABADELL;2014/07/03;Y;N;N;N;9;0
868;D;3;Sabadell;2014/07/10;N;N;N;N;6;1
869;D;1;SABADELL;2014/07/10;N;N;N;N;4;1
870;D;1;Sabadell;2014/07/10;Y;N;N;N;8;0
871;D;2;SABADELL;2014/07/15;N;Y;N;N;3;0
872;D;1;Sabadell;2014/07/15;Y;N;N;N;2;0
873;D;1;Sabadell;2014/07/17;Y;N;N;N;4;0
874;H;3;SABADELL;2014/07/17;N;N;Y;N;0;0
876;H;3;Sabadell;2014/07/28;N;N;N;N;5;1
877;H;3;SENTMENAT;2014/08/05;N;Y;N;N;7;0
878;D;3;Sabadell;2014/07/30;N;N;Y;N;4;0
879;D;1;SABADELL;2014/07/29;N;N;Y;N;4;0
880;D;2;SABADELL;2014/07/29;N;N;Y;N;3;1
881;D;2;SABADELL;2014/07/29;N;Y;N;N;6;1
882;D;2;SABADELL;2014/09/04;N;Y;N;N;0;0
883;H;2;SABADELL;2014/09/02;N;N;Y;N;3;0
884;D;1;SABADELL;2014/09/04;N;Y;N;N;5;0
885;D;2;Sabadell;2014/09/02;N;Y;N;N;5;0
886;D;3;SABADELL;2014/09/09;N;Y;N;N;2;0
888;D;1;Sabadell;2014/09/09;Y;N;N;N;4;0
889;H;3;Polinyà;2014/09/09;N;N;N;Y;2;0
890;D;3;SABADELL;2014/09/09;N;Y;N;N;1;1
891;H;3;Sabadell;2014/09/16;N;N;Y;N;2;1
892;D;1;SABADELL;2014/09/16;N;Y;N;N;2;0
893;D;3;Sabadell;2014/09/16;N;Y;N;N;4;1
894;H;3;SABADELL;2014/09/16;N;N;Y;N;4;2
895;H;3;Sabadell;2014/09/23;N;N;Y;N;6;1
896;D;1;;2014/09/25;N;N;Y;Y;1;0
897;H;1;Sabadell;2014/09/23;Y;N;N;N;4;0
898;H;3;"Cerdanyola del Vallès";2014/09/25;N;N;Y;N;5;1
899;D;2;Sabadell;2014/09/25;N;N;N;Y;4;0
901;D;1;SABADELL;2014/09/30;Y;N;N;N;4;1
902;H;2;SABADELL;2014/10/01;Y;N;Y;N;7;0
903;D;3;SABADELL;2014/10/01;N;N;Y;N;4;1
906;D;2;Sabadell;2014/10/09;N;Y;N;N;7;0
907;H;2;Sabadell;2014/10/09;N;Y;N;N;6;0
908;D;3;SABADELL;2014/10/08;N;Y;N;N;6;1
909;D;2;SABADELL;2014/10/08;N;N;Y;N;5;0
910;D;3;SABADELL;2014/10/09;N;N;Y;N;5;2
911;D;4;Sabadell;2014/10/14;N;N;N;Y;2;0
912;H;4;SABADELL;2014/10/14;N;N;N;N;4;0
913;H;3;SABADELL;2014/10/16;N;N;Y;N;6;0
915;D;1;SABADELL;2014/10/16;N;Y;N;N;4;0
916;H;3;"Barberà del Vallès";2014/10/20;N;N;N;Y;3;0
917;D;3;Sabadell;2014/10/21;N;N;Y;N;4;0
918;D;3;"Barberà del Vallès";2014/10/22;N;N;N;Y;4;0
919;H;2;Sabadell;2014/10/23;N;Y;N;N;2;0
920;H;1;"Sant Cugat";2014/10/28;Y;N;N;N;3;0
922;D;4;SITGES;2011/11/03;N;N;N;Y;0;0
923;D;1;Sabadell;2014/11/03;Y;N;N;N;0;0
924;D;2;SABADELL;2014/11/03;N;Y;N;N;0;0
925;H;1;SABADELL;2014/11/03;N;N;Y;N;0;0
926;D;3;Sabadell;2014/11/03;N;N;N;Y;0;0
927;D;1;Sabadell;2014/11/03;N;N;Y;N;0;0
928;D;3;SABADELL;2014/11/03;N;Y;N;N;0;0
929;D;1;SABADELL;2014/11/03;Y;N;N;N;0;0
930;D;2;SABADELL;2014/11/03;Y;Y;N;N;0;0
931;D;3;Sabadell;2014/11/03;N;N;N;N;0;0
932;D;3;Sabadell;2014/11/03;N;Y;N;N;0;0
933;H;1;SABADELL;2015/01/07;Y;N;N;N;0;0
935;D;4;SABADELL;2014/10/30;N;N;N;Y;5;2
936;D;2;SABADELL;2014/10/30;N;N;Y;N;0;0
937;D;2;Sabadell;2014/10/30;N;Y;N;N;0;0
938;H;1;Sabadell;2014/10/30;Y;N;N;N;0;0
939;D;1;"La Garriga";2014/10/30;Y;Y;N;N;0;0
940;D;4;SABADELL;2014/10/30;N;N;N;Y;0;0
942;D;1;SABADELL;2014/10/30;Y;Y;N;N;0;0
943;D;3;SABADELL;2014/10/30;N;Y;N;N;0;0
944;D;3;SABADELL;2014/10/30;N;Y;N;N;7;2
945;D;1;SABADELL;2014/10/30;N;N;Y;N;0;0
946;D;2;SABADELL;2014/11/04;N;Y;N;N;4;0
947;D;2;SABADELL;2014/11/04;N;Y;N;N;7;0
948;H;3;SABADELL;2012/11/04;N;N;Y;N;3;1
949;D;1;SABADELL;2014/11/04;N;N;Y;N;7;0
950;D;2;SABADELL;2014/11/06;N;N;Y;N;7;0
951;D;1;SABADELL;2014/11/13;Y;N;Y;N;5;1
952;D;3;SABADELL;2014/11/13;N;N;Y;N;5;1
954;H;3;SABADELL;2014/11/13;N;N;N;Y;5;0
955;D;2;SABADELL;2014/11/18;N;Y;N;N;7;0
956;D;1;SABADELL;2014/11/25;Y;N;N;N;5;0
957;H;3;SABADELL;2014/11/25;N;N;N;Y;4;1
958;D;3;SABADELL;2014/11/26;N;Y;N;N;4;1
959;H;1;SABADELL;2014/11/27;N;N;N;N;4;0
960;D;3;Sabadell;2014/11/27;N;N;Y;N;6;0
961;D;4;SABADELL;2014/11/27;N;N;N;Y;4;1
962;D;1;SABADELL;2014/12/02;N;N;Y;N;4;0
963;H;2;"CASTELLAR DEL VALLÈS";2014/12/01;N;N;Y;N;3;1
964;D;3;SABADELL;2014/12/02;N;Y;N;N;5;1
965;D;4;SABADELL;2014/12/02;N;N;N;Y;2;0
966;D;3;"SANT QUIRZE DEL VALLÈS";2014/12/01;N;Y;N;N;5;0
967;H;2;SABADELL;2014/12/09;N;N;Y;N;2;0
968;D;2;SABADELL;2014/12/09;N;N;Y;N;10;1
969;D;1;SABADELL;2014/12/09;Y;N;N;N;8;0
970;D;3;SABADELL;2014/12/18;N;N;Y;N;7;0
971;H;4;SABADELL;2015/01/13;N;N;N;Y;2;0
972;H;4;SABADELL;2015/01/08;N;N;N;Y;2;0
973;H;3;SABADELL;2015/01/13;N;N;N;Y;4;1
974;D;1;SABADELL;2015/01/13;Y;N;N;N;10;0
975;D;3;SABADELL;2015/01/13;N;Y;N;N;2;0
976;D;1;SABADELL;2015/01/13;N;N;Y;N;5;0
977;H;3;MATADEPERA;2015/01/15;Y;Y;N;N;7;0
978;D;1;SABADELL;2015/02/16;N;N;N;N;0;0
980;H;1;SABADELL;2015/02/16;Y;N;N;N;8;0
981;D;4;SABADELL;2015/01/20;N;N;N;Y;5;1
982;D;1;SABADELL;2015/01/20;Y;N;N;N;5;0
983;D;3;SABADELL;2015/01/22;N;N;N;Y;3;0
984;D;3;SABADELL;2015/01/22;N;N;Y;N;6;1
985;D;1;SABADELL;2015/01/29;Y;Y;N;N;6;1
986;D;1;SABADELL;2015/01/29;Y;Y;N;N;6;0
987;D;3;SABADELL;2015/02/03;N;N;N;N;0;0
988;D;2;SABADELL;2015/02/03;Y;Y;N;N;10;0
989;H;3;SABADELL;2015/02/03;N;N;N;Y;5;1
990;D;1;SABADELL;2015/02/12;N;N;Y;N;5;0
991;D;1;"SANT QUIRZE DEL VALLÈS";2015/02/16;Y;N;N;N;7;0
992;D;1;SABADELL;2015/02/16;Y;N;N;N;6;0
993;D;3;SABADELL;2015/02/17;N;N;Y;N;5;0
994;H;3;SABADELL;2015/02/19;N;N;Y;N;3;0
995;D;2;SABADELL;2015/02/19;N;N;Y;N;4;1
996;H;3;SABADELL;2015/02/24;N;N;Y;N;4;0
997;H;4;SABADELL;2015/02/26;N;N;N;Y;8;0
998;D;3;SABADELL;2015/02/26;N;N;Y;N;4;0
999;H;4;SABADELL;2015/02/26;N;N;N;Y;4;0
1000;H;1;SABADELL;2015/03/05;Y;N;N;N;5;1
1001;H;3;SABADELL;2015/03/03;N;N;Y;N;4;1
1002;H;1;SABADELL;2015/03/03;Y;N;N;N;4;0
1003;D;1;SABADELL;2015/03/03;Y;N;N;N;4;0
1004;D;1;SABADELL;2015/03/05;Y;N;N;N;2;0
1005;H;2;SABADELL;2015/03/09;N;Y;N;N;0;0
1006;H;3;SABADELL;2015/03/09;N;N;N;Y;0;1
1007;D;2;SABADELL;2015/03/09;N;N;Y;N;1;1
1009;D;2;TERRASSA;2015/03/10;N;Y;N;N;0;0
1010;D;1;SABADELL;2015/03/10;Y;N;N;N;0;0
1011;D;2;SABADELL;2015/03/10;N;Y;N;N;0;0
1012;D;1;SABADELL;2015/03/10;Y;N;N;N;0;0
1013;D;2;SABADELL;2015/03/10;N;Y;N;N;0;0
1014;D;3;SABADELL;2015/01/07;N;N;N;Y;0;0
1015;D;3;SABADELL;2015/03/10;N;N;N;Y;0;0
1016;D;3;SABADELL;2015/03/09;N;Y;N;N;5;0
1017;D;2;SABADELL;2015/03/09;N;N;Y;N;8;1
1018;H;2;TERRASSA;2015/03/09;N;Y;N;N;6;0
1021;D;3;SABADELL;2015/03/10;N;Y;N;N;7;0
1022;D;3;SABADELL;2015/03/10;N;Y;N;N;6;0
1023;D;3;SABADELL;2015/03/12;N;Y;N;N;5;0
1024;D;3;SABADELL;2015/03/12;N;Y;N;N;7;0
1025;D;2;SABADELL;2015/03/16;N;N;Y;N;5;0
1026;D;3;SABADELL;2015/03/16;N;N;Y;N;3;0
1027;D;3;SABADELL;2015/03/17;N;N;N;Y;4;0
1028;D;1;SABADELL;2015/03/17;Y;N;N;N;6;0
1029;D;1;SABADELL;2015/03/17;N;N;Y;N;8;0
1031;H;2;SABADELL;2015/03/19;Y;Y;N;N;4;0
1033;D;1;SABADELL;2015/03/24;Y;Y;N;N;1;1
1034;D;1;SABADELL;2015/03/26;Y;Y;N;N;6;0
1035;D;3;"BADIA DEL VALLÈS";2015/03/26;N;N;N;Y;4;0
1036;D;2;SABADELL;2015/04/07;N;N;N;N;0;0
1037;H;1;SABADELL;2015/04/14;N;Y;N;N;5;0
1039;H;2;SABADELL;2015/04/07;Y;Y;N;N;3;0
1040;H;3;SABADELL;2015/04/07;N;Y;N;N;3;0
1041;D;2;SABADELL;2015/04/14;N;N;Y;N;5;0
1042;D;1;SABADELL;2015/04/15;Y;Y;N;N;3;0
1043;H;3;SABADELL;2015/04/15;N;N;Y;N;1;1
1044;D;1;SABADELL;2015/04/21;N;N;Y;N;3;0
1045;D;3;SABADELL;2015/04/22;N;Y;N;N;0;0
1046;H;2;SABADELL;2015/04/21;N;N;N;Y;3;4
1047;H;2;SABADELL;2015/04/23;N;N;Y;N;6;0
1048;D;3;SABADELL;2015/04/24;N;N;Y;N;6;1
1049;D;2;TERRASSA;2015/04/28;N;Y;N;N;2;0
1050;D;1;SABADELL;2015/04/28;Y;N;N;N;4;0
1054;D;2;SABADELL;2015/04/29;Y;Y;N;N;6;0
1055;H;1;SABADELL;2015/05/05;Y;N;N;N;3;0
1056;D;1;SABADELL;2015/05/05;Y;N;N;N;5;2
1057;H;3;"SANT QUIRZE DEL VALLÈS";2015/05/06;N;N;N;Y;6;0
1058;D;3;SABADELL;2015/05/08;N;N;Y;N;0;0
1059;D;1;SENTMENAT;2015/05/12;Y;N;N;N;0;0
1060;D;1;SABADELL;2015/05/12;Y;Y;N;N;0;0
1061;D;3;SABADELL;2015/05/12;N;N;Y;N;0;0
1062;D;3;SABADELL;2015/05/12;N;N;N;Y;0;0
1063;D;1;SABADELL;2015/05/12;Y;N;N;N;0;0
1064;D;1;SABADELL;2015/05/13;Y;N;N;N;0;0
1065;D;3;SABADELL;2015/05/13;N;N;Y;N;0;0
1066;D;3;SABADELL;2015/05/13;N;Y;N;N;0;0
1067;H;3;SABADELL;2015/05/13;N;N;N;Y;0;0
1068;D;3;SABADELL;2015/05/13;N;N;Y;N;0;0
1069;D;3;SABADELL;2015/05/13;N;N;N;Y;0;0
1070;H;3;SABADELL;2015/05/13;N;Y;N;N;3;0
1071;D;1;SABADELL;2015/05/19;Y;N;N;N;1;1
1072;H;1;SABADELL;2015/05/12;Y;N;N;N;3;1
1073;D;1;SABADELL;2015/05/18;N;N;Y;N;5;0
1074;H;1;SABADELL;2015/05/21;Y;N;N;N;4;0
1075;D;3;SABADELL;2015/05/21;N;N;Y;N;7;0
1076;H;2;SABADELL;2015/05/21;Y;N;N;Y;4;0
1077;D;1;SABADELL;2015/05/26;Y;N;N;N;2;0
1078;D;3;SABADELL;2015/05/27;N;Y;N;N;6;1
1079;D;3;SABADELL;2015/05/27;N;Y;N;N;4;1
1080;D;2;SABADELL;2015/06/02;N;N;Y;N;6;0
1081;H;3;SABADELL;2015/06/02;N;N;N;Y;5;0
1082;H;1;SABADELL;2015/06/02;Y;N;N;N;4;0
1083;H;3;"SANT CUGAT DEL VALLÈS";2015/06/04;N;N;N;Y;5;0
1084;H;3;SABADELL;2015/06/09;N;Y;N;N;5;2
1085;H;2;SABADELL;2015/06/11;N;N;Y;N;4;2
1086;D;2;SABADELL;2015/06/11;N;N;Y;N;6;0
1087;D;1;SABADELL;2015/06/11;Y;N;N;N;4;2
1088;D;1;"BARBERÀ DEL VALLÈS";2015/06/15;Y;N;N;N;3;0
1089;D;1;SABADELL;2015/06/15;Y;N;N;N;4;0
1090;D;1;SABADELL;2015/06/18;Y;N;N;N;6;0
1091;H;1;SABADELL;2015/06/16;Y;N;N;N;3;0
1092;D;2;SABADELL;2015/06/18;Y;N;N;N;6;0
1093;D;1;"BARBERÀ DEL VALLÈS";2015/06/25;Y;N;N;N;4;0
1094;D;3;SABADELL;2015/06/25;N;N;N;Y;10;1
1095;D;2;SABADELL;2015/06/30;N;Y;N;N;3;0
1096;D;1;"SANT QUIRZE DEL VALLÈS";2015/07/02;Y;N;N;N;4;0
1097;D;3;"BARBERÀ DEL VALLÈS";2015/06/09;N;N;Y;N;5;1
1098;H;1;SABADELL;2015/07/08;N;Y;N;N;5;0
1099;H;1;"BARBERÀ DEL VALLÈS";2015/07/09;Y;N;N;N;3;1
1100;D;3;"CERDANYOLA DEL VALLÈS";2015/07/23;N;Y;N;N;4;0
1101;D;3;SABADELL;2015/07/23;N;Y;N;N;3;0
1102;D;2;SABADELL;2015/07/27;Y;N;Y;N;2;0
1103;H;1;SABADELL;2015/09/08;N;Y;N;N;5;0
1104;D;3;SABADELL;2015/09/09;N;N;N;Y;5;0
1105;D;1;SABADELL;2015/09/09;Y;Y;N;N;6;0
1108;D;3;SABADELL;2015/10/01;N;N;N;Y;3;0
1109;D;2;SABADELL;2015/10/01;N;Y;N;N;3;0
1110;H;2;SABADELL;2015/10/01;N;Y;N;N;4;0
1111;H;2;"SANT QUIRZE DEL VALLÈS";2015/10/02;N;Y;N;N;4;0
1112;D;3;SABADELL;2015/10/02;N;N;N;Y;2;2
1114;H;3;SABADELL;2015/10/05;N;N;N;Y;6;0
1115;D;3;SABADELL;2015/10/05;N;N;N;Y;4;0
1116;D;3;SABADELL;2015/10/05;N;Y;N;N;0;0
1117;D;3;SABADELL;2015/10/05;N;Y;N;N;3;1
1118;D;3;MATADEPERA;2015/10/05;N;N;Y;N;3;1
1119;D;1;SABADELL;2015/10/06;Y;Y;N;N;0;0
1120;D;3;"CASTELLAR DEL VALLÈS";2015/10/06;N;N;Y;N;3;0
1121;D;1;SABADELL;2015/10/06;Y;N;N;N;7;2
1122;D;1;SABADELL;2015/10/15;Y;Y;N;N;5;0
1123;D;1;SABADELL;2015/10/15;Y;N;N;N;4;0
1124;H;3;SABADELL;2015/10/15;N;Y;N;N;2;0
1125;D;3;SABADELL;2015/10/15;N;Y;N;N;1;0
1126;D;3;SABADELL;2015/10/07;N;Y;N;N;1;0
1127;D;3;POLINYÀ;2015/10/16;N;N;Y;N;3;0
1128;D;2;SABADELL;2015/10/16;N;Y;N;N;8;0
1129;D;1;SABADELL;2015/10/21;Y;Y;N;N;5;1
1130;D;3;"SANT LLORENÇ SAVALL";2015/10/29;N;N;Y;N;3;0
1132;D;2;SABADELL;2015/11/02;N;Y;N;N;4;0
1133;D;3;SABADELL;2015/11/02;N;N;N;Y;5;3
1134;D;2;SABADELL;2015/11/02;Y;Y;N;N;4;0
1135;D;3;SABADELL;2015/11/02;N;N;N;Y;4;0
1136;D;4;SABADELL;2015/11/02;N;N;N;Y;3;0
1137;D;3;SABADELL;2015/11/02;N;Y;N;N;3;0
1138;D;2;"BADIA DEL VALLÈS";2015/11/02;N;Y;N;N;4;0
1139;D;1;SABADELL;2015/11/02;N;N;N;N;5;1
1140;D;2;SABADELL;2015/11/02;N;Y;N;N;5;1
1141;D;1;VILADECAVALLS;2015/11/02;Y;N;N;N;3;0
1142;D;3;SABADELL;2015/11/02;N;Y;N;N;4;1
1143;D;1;"SANT CUGAT DEL VALLÈS";2015/11/03;Y;N;N;N;0;0
1144;D;3;SABADELL;2015/11/03;N;Y;N;N;0;0
1145;D;3;"BARBERÀ DEL VALLÈS";2015/11/03;N;Y;N;N;0;0
1146;D;3;SABADELL;2015/11/04;N;N;Y;N;0;0
1147;D;1;"CERDANYOLA DEL VALLÈS";2015/11/09;N;N;Y;N;0;0
1148;D;3;SABADELL;2015/11/10;N;N;N;Y;0;0
1149;D;3;SABADELL;2015/11/10;N;N;N;Y;0;0
1150;H;1;"CERDANYOLA DEL VALLÈS";2015/11/10;Y;N;N;N;0;0
1151;H;2;SABADELL;2015/11/10;N;N;N;Y;0;0
1152;H;3;SABADELL;2015/11/10;N;N;N;Y;2;1
1154;D;1;SABADELL;2015/11/13;Y;N;N;N;5;0
1155;H;3;SABADELL;2015/11/13;N;Y;N;N;3;0
1156;D;1;SABADELL;2015/11/16;Y;Y;N;N;1;0
1157;H;3;"CASTELLAR DEL VALLÈS";2015/11/16;N;Y;N;N;1;0
1158;D;1;SABADELL;2015/11/16;Y;Y;N;N;5;0
1159;D;3;SABADELL;2015/11/26;N;N;Y;N;4;0
1160;D;1;SABADELL;2015/12/21;Y;N;N;N;5;0
1161;D;1;SABADELL;2015/12/21;Y;N;N;N;4;0
1162;D;3;SABADELL;2015/12/22;N;N;N;Y;8;2
1163;D;2;SABADELL;2015/12/22;N;Y;N;N;7;0
1164;D;1;SABADELL;2015/12/22;N;N;Y;N;4;0
1165;D;2;SABADELL;2015/12/22;Y;N;N;N;4;0
1166;D;1;SABADELL;2015/12/22;Y;Y;N;N;5;0
1167;D;1;SABADELL;2015/12/22;Y;N;N;N;2;0
1168;D;1;SABADELL;2015/12/22;Y;N;N;N;3;0
1169;H;2;SABADELL;2015/12/22;Y;N;N;N;5;0
1170;H;3;SABADELL;2015/12/22;N;N;N;Y;0;1
1171;D;2;SABADELL;2015/12/23;N;N;Y;N;5;0
1172;H;1;"CASTELLAR DEL VALLÈS";2015/12/23;Y;N;N;N;4;1
1173;D;4;SABADELL;2015/12/23;N;N;N;Y;4;0
1174;D;2;SABADELL;2015/12/23;N;N;Y;N;5;0
1175;D;1;SABADELL;2015/12/23;Y;N;N;N;3;0
1176;H;2;SABADELL;2015/12/23;N;N;N;Y;2;0
1177;H;3;SABADELL;2015/12/23;N;N;N;Y;6;0
1178;D;3;SABADELL;2015/12/23;N;Y;N;N;3;0
1179;D;2;SABADELL;2015/12/23;N;Y;N;N;6;0
1180;D;3;SABADELL;2015/12/23;N;N;Y;N;7;0
1181;D;1;SABADELL;2015/12/23;Y;N;N;N;4;0
1182;D;1;SABADELL;2015/12/23;Y;N;N;N;9;1
1183;H;1;SABADELL;2015/12/31;Y;N;N;N;3;0
1184;D;1;SABADELL;2016/01/22;Y;N;N;N;3;1
1185;H;3;SABADELL;2016/01/22;N;N;N;Y;4;0
1186;D;3;SABADELL;2016/01/22;N;N;N;Y;3;0
1187;H;3;SABADELL;2016/01/22;N;N;N;Y;2;0
1188;D;3;SABADELL;2016/01/27;N;Y;N;N;2;0
1189;H;3;SABADELL;2016/01/27;N;N;Y;N;2;1
1190;D;3;SABADELL;2016/01/27;N;N;Y;N;9;0
1191;H;3;SABADELL;2016/01/27;N;N;N;Y;0;0
1192;D;3;SABADELL;2016/03/17;N;N;N;Y;3;0
1193;D;2;SABADELL;2016/03/17;N;Y;N;N;0;0
1194;H;1;SABADELL;2016/03/17;N;N;Y;N;4;0
1195;H;1;SABADELL;2016/04/05;N;N;Y;N;5;1
1196;D;3;SABADELL;2016/04/05;N;N;Y;N;4;0
1197;D;2;SABADELL;2016/04/05;Y;N;N;N;11;1
1198;D;3;SABADELL;2016/04/05;N;N;Y;N;5;0
1199;H;2;SABADELL;2016/04/05;N;N;Y;N;5;1
1200;D;1;SABADELL;2016/04/05;Y;N;N;N;5;0
1201;D;3;SENTMENAT;2016/04/11;N;N;Y;N;2;0
1202;D;1;SABADELL;2016/04/11;Y;N;N;N;3;0
1203;D;1;SABADELL;2016/04/11;N;Y;N;N;2;0
1204;H;3;SABADELL;2016/04/11;N;N;N;Y;2;0
1205;H;3;SABADELL;2016/04/27;N;N;N;Y;2;0
1206;D;3;SABADELL;2016/04/27;N;Y;N;N;3;0
1207;D;3;SABADELL;2016/05/10;N;N;Y;N;5;2
1208;H;3;SABADELL;2016/05/10;N;N;N;Y;6;0
1209;H;2;SABADELL;2016/05/10;N;N;Y;N;1;0
1210;D;3;SABADELL;2016/05/10;N;N;N;Y;3;0
1211;D;3;SABADELL;2016/05/10;N;N;N;Y;8;0
1213;H;3;SABADELL;2016/05/10;N;N;Y;N;4;0
1214;D;2;SABADELL;2016/05/10;N;Y;N;N;5;0
1215;D;2;SABADELL;2016/05/10;N;N;Y;N;6;0
1216;D;3;SABADELL;2016/05/10;Y;N;Y;N;2;0
1217;D;1;SABADELL;2016/05/10;Y;N;N;N;5;0
1218;D;3;SABADELL;2016/05/26;N;N;N;Y;5;0
1219;H;2;SABADELL;2016/05/26;N;Y;N;N;4;0
1220;H;3;RIALP;2016/05/26;N;N;Y;N;5;0
1221;D;1;SABADELL;2016/05/26;Y;Y;N;N;0;1
1222;D;2;SABADELL;2016/05/26;N;N;Y;N;0;0
1223;D;3;SABADELL;2016/05/26;Y;Y;N;N;0;0
1224;D;3;SABADELL;2016/05/26;N;Y;N;N;0;0
1225;H;3;SABADELL;2016/05/26;N;Y;N;N;0;0
1226;H;4;SABADELL;2016/05/26;N;N;N;Y;0;0
1227;D;4;SABADELL;2016/05/26;N;N;N;Y;0;0
1228;H;3;SABADELL;2016/05/26;N;N;N;Y;0;0
1229;D;2;SABADELL;2016/05/26;N;Y;N;N;7;0
1230;D;2;SABADELL;2016/06/06;N;Y;N;N;6;0
1231;D;2;SABADELL;2016/06/10;Y;Y;N;N;4;0
1232;D;2;SABADELL;2016/06/10;Y;Y;N;N;3;0
1233;D;2;SABADELL;2016/06/15;N;Y;N;N;4;0
1234;D;2;SABADELL;2016/06/15;N;N;N;Y;4;0
1235;H;2;"SANT QUIRZE DEL VALLÈS";2016/06/15;N;N;N;Y;3;0
1236;H;3;SABADELL;2016/06/15;N;N;Y;N;6;1
1237;D;2;SABADELL;2016/06/16;N;N;Y;N;0;0
1238;H;2;SABADELL;2016/06/16;N;N;N;Y;7;0
1239;D;3;SABADELL;2016/06/16;N;N;Y;N;5;0
1240;D;4;SABADELL;2016/06/16;N;N;N;Y;4;0
1241;D;3;SABADELL;2016/06/16;N;Y;N;N;5;0
1242;D;2;SABADELL;2016/06/16;N;Y;N;N;2;0
1243;D;2;TERRASSA;2016/06/16;Y;N;N;N;4;0
1244;H;3;SABADELL;2016/06/16;N;N;N;Y;6;0
1245;D;1;"CASTELLAR DEL VALLÈS";2016/06/16;Y;N;N;N;5;0
1246;D;2;"CASTELLAR DEL VALLÈS";2016/06/17;N;Y;N;N;4;0
1247;H;3;SABADELL;2016/06/17;N;Y;N;N;5;0
1248;D;1;SABADELL;2016/06/20;Y;N;N;N;3;1
1249;D;1;SABADELL;2016/06/21;N;N;N;N;1;0
1250;H;4;SABADELL;2016/06/21;N;N;N;Y;3;0
1251;D;3;SABADELL;2016/06/21;N;N;N;Y;6;3
1252;D;2;SABADELL;2016/06/21;N;Y;N;N;6;0
1253;H;2;SABADELL;2016/06/21;N;N;Y;N;0;0
1254;D;2;SABADELL;2016/06/21;Y;N;N;N;0;0
1255;D;2;SABADELL;2016/06/21;N;Y;N;N;4;1
1256;H;1;"SANT CUGAT DEL VALLÈS";2016/06/21;Y;N;N;N;0;0
1257;D;2;SABADELL;2016/06/21;Y;N;Y;N;0;0
1258;D;3;SABADELL;2016/06/21;N;Y;N;N;0;0
1259;D;4;SABADELL;2016/06/22;N;N;N;Y;2;0
1260;H;3;SABADELL;2016/06/22;N;N;Y;N;0;0
1261;D;3;SABADELL;2016/06/22;N;N;Y;N;0;0
1262;D;3;SABADELL;2016/06/22;N;N;Y;N;0;0
1263;D;1;"BARBERÀ DEL VALLÈS";2016/06/22;Y;N;N;N;0;0
1264;D;3;SABADELL;2016/06/22;N;Y;N;N;0;0
1265;D;3;SABADELL;2016/06/22;N;Y;N;N;0;0
1267;D;1;SABADELL;2016/06/23;Y;N;N;N;4;0
1268;D;2;SABADELL;2016/06/23;N;Y;N;N;3;2
1269;D;1;SABADELL;2016/06/23;Y;N;N;N;3;0
1270;D;1;"SANT QUIRZE DEL VALLÈS";2016/07/12;Y;N;N;N;2;0
1271;D;2;SABADELL;2016/07/12;Y;N;Y;N;6;0
1272;D;2;SABADELL;2016/07/12;N;Y;N;N;2;0
1273;D;3;SABADELL;2016/07/13;N;N;N;Y;2;0
1274;H;2;SABADELL;2016/07/13;N;N;Y;N;3;0
1275;D;1;SABADELL;2016/07/13;Y;N;N;N;3;0
1276;D;3;SABADELL;2016/07/13;N;N;Y;N;4;0
1277;D;1;SABADELL;2016/07/18;Y;N;N;N;4;0
1278;D;2;SABADELL;2016/07/19;N;Y;N;N;3;0
1279;H;1;SABADELL;2016/07/19;Y;N;N;N;2;0
1280;D;0;SABADELL;2016/12/19;N;Y;N;N;7;0
1281;H;0;SABADELL;2016/12/19;Y;N;N;N;3;0
1282;H;0;SABADELL;2016/12/19;N;N;Y;N;2;0
1283;D;0;SABADELL;2016/12/19;Y;N;N;N;2;0
1284;H;0;"CERDANYOLA DEL VALLÈS";2016/12/19;N;N;Y;N;4;0
1285;H;0;SABADELL;2016/12/20;Y;N;N;N;4;0
1286;H;0;SABADELL;2016/12/20;Y;Y;N;N;4;1
1287;D;0;SABADELL;2016/12/20;N;Y;N;N;3;0
1288;D;0;SABADELL;2016/12/21;N;Y;N;N;5;1
1289;D;0;SABADELL;2016/12/22;N;N;Y;N;6;0
1290;H;0;SABADELL;2016/12/22;N;N;N;Y;4;1
1291;D;0;SABADELL;2016/12/22;N;Y;N;N;4;0
1292;D;0;SABADELL;2016/12/22;N;N;Y;N;1;1
1293;D;0;SABADELL;2016/12/22;N;N;N;Y;6;0
1294;D;0;BARCELONA;2016/12/22;N;Y;N;N;5;0
1295;D;0;"BADIA DEL VALLÈS";2016/12/22;N;Y;N;N;5;0
1296;D;0;SABADELL;2016/12/22;Y;N;N;N;7;0
1297;D;0;SABADELL;2016/12/22;N;Y;N;N;2;0
1298;D;0;SABADELL;2016/12/31;N;Y;N;N;5;0
1299;D;0;SABADELL;2016/12/31;N;Y;N;N;4;2
1300;D;0;SABADELL;2016/12/31;N;N;Y;N;4;1
1301;D;0;SABADELL;2016/12/31;N;Y;N;N;3;0
1302;D;0;SABADELL;2016/12/31;N;Y;N;N;5;0
1303;H;0;"SANT QUIRZE DEL VALLÈS";2016/12/31;N;N;N;N;0;0
1304;H;0;SABADELL;2016/12/31;N;N;N;N;0;0
1305;D;0;SABADELL;2016/12/31;N;N;N;N;0;0
1306;D;0;SABADELL;2016/12/31;N;Y;N;N;0;1
1307;H;0;SABADELL;2016/12/31;N;N;N;N;0;0
1308;D;0;SABADELL;2016/12/31;Y;N;N;N;1;1
1309;D;0;"CASTELLAR DEL VALLÈS";2016/12/31;Y;N;N;N;0;0
1310;H;0;"SANT CUGAT DEL VALLÈS";2016/12/31;N;N;N;N;0;0
1311;D;0;SABADELL;2016/12/31;Y;N;N;N;0;0
1312;D;0;SABADELL;2016/12/31;N;Y;N;N;0;0
1313;D;0;SABADELL;2016/12/31;N;N;Y;N;0;0
1314;H;0;SABADELL;2016/12/31;N;Y;N;N;0;0
1315;D;0;SABADELL;2016/12/31;N;N;N;N;0;0
1316;D;0;RIPOLLET;2016/12/31;N;Y;N;N;0;0
1317;D;0;SABADELL;2016/12/31;N;N;N;Y;0;0
1318;D;0;SABADELL;2016/12/31;N;Y;N;N;6;0
1319;D;0;SABADELL;2016/12/31;Y;N;N;N;7;0
1320;H;0;SABADELL;2016/12/31;Y;N;Y;N;7;0
1321;H;0;SABADELL;2016/12/31;N;Y;N;N;1;0
1322;D;0;SABADELL;2016/12/31;Y;Y;N;N;3;1
1323;H;0;SABADELL;2016/12/31;N;N;N;Y;5;1
1324;D;0;SABADELL;2016/12/31;N;Y;N;N;3;1
1325;D;0;SABADELL;2016/12/31;N;Y;N;N;2;0
1326;D;0;SABADELL;2016/12/31;N;N;Y;N;1;0
1327;D;0;SABADELL;2016/12/31;Y;N;N;N;1;0
1328;D;0;SABADELL;2016/12/31;N;N;N;Y;3;0
1329;D;0;SABADELL;2016/12/31;N;N;Y;N;3;0
1330;D;0;SABADELL;2016/12/31;Y;N;N;N;5;0
1331;D;0;SABADELL;2016/12/31;N;Y;N;N;4;1
1332;H;0;SABADELL;2016/12/31;N;Y;N;N;5;0
1333;H;0;"CASTELLAR DEL VALLÈS";2016/12/31;N;N;Y;N;0;0
1334;D;0;SABADELL;2016/12/31;N;N;N;Y;3;0
1335;D;0;SABADELL;2016/12/31;N;Y;N;N;6;0
1336;D;0;SABADELL;2016/12/31;N;N;N;Y;2;1
1337;D;0;SABADELL;2016/12/31;N;N;N;Y;1;1
1338;H;0;SABADELL;2016/12/31;N;N;Y;N;4;0
1339;D;0;SABADELL;2017/01/25;N;N;Y;N;5;0
1340;H;0;SABADELL;2016/12/31;N;Y;N;N;5;1
1341;D;0;SABADELL;2016/12/31;N;Y;N;N;4;0
1342;D;0;SABADELL;2016/12/31;N;Y;N;N;5;0
1343;D;0;SABADELL;2016/12/31;Y;N;N;N;5;0
1344;D;0;SABADELL;2016/12/31;N;Y;N;N;5;1
1345;D;0;SABADELL;2016/12/31;N;Y;N;N;4;0
1346;D;0;SABADELL;2016/12/31;Y;N;N;N;5;0
1347;D;0;SABADELL;2016/12/31;N;N;Y;N;4;0
1348;H;0;SABADELL;2016/12/31;Y;N;N;N;3;0
1349;D;0;SABADELL;2016/12/31;N;Y;N;N;6;0
1350;D;0;SABADELL;2017/01/26;N;Y;N;N;4;0
1352;D;0;SABADELL;2017/01/27;N;Y;N;N;6;1
1353;D;0;SABADELL;2017/01/27;N;N;Y;N;6;2
1354;D;0;SABADELL;2017/01/30;N;N;N;Y;4;0
1355;D;0;SABADELL;2017/01/30;N;Y;N;N;6;0
1356;D;0;SABADELL;2017/01/30;N;N;N;Y;3;0
1357;D;0;SABADELL;2017/01/30;N;Y;N;N;5;0
1358;H;0;SABADELL;2017/01/30;N;N;Y;N;2;0
1359;D;0;SABADELL;2017/01/30;N;N;N;Y;5;0
1360;D;0;SABADELL;2017/03/17;Y;N;N;N;5;0
1362;H;0;SABADELL;2017/03/17;N;N;N;Y;4;0
1363;D;0;SABADELL;2017/03/17;N;Y;N;N;5;0
1364;H;0;SABADELL;2017/03/17;N;N;N;Y;3;1
1365;D;0;SABADELL;2017/03/17;N;N;N;Y;5;1
1366;D;0;SABADELL;2017/03/17;N;Y;N;N;8;0
1367;D;0;SABADELL;2017/03/17;N;Y;N;N;4;0
1368;D;0;SABADELL;2017/03/17;N;N;Y;N;5;1
1369;H;0;SABADELL;2017/03/31;N;Y;N;N;3;1
1370;D;0;SABADELL;2017/04/06;N;Y;N;N;3;0
1371;D;0;"CASTELLAR DEL VALLÈS";2017/04/06;Y;N;N;N;4;0
1372;D;0;SABADELL;2017/04/06;Y;Y;N;N;1;0
1373;D;0;SABADELL;2017/04/06;N;Y;N;N;4;0
1374;D;0;SABADELL;2017/04/06;N;Y;N;N;3;0
1375;D;0;"CASTELLAR DEL VALLÈS";2017/04/06;N;N;N;Y;3;0
1376;H;0;SABADELL;2017/04/06;N;N;Y;N;5;0
1377;D;0;"SANT QUIRZE DEL VALLÈS";2017/04/07;Y;N;N;N;4;0
1378;D;0;SABADELL;2017/04/10;N;N;Y;N;0;0
1379;D;0;SABADELL;2017/04/10;N;N;N;Y;0;0
1380;D;0;SABADELL;2017/04/10;N;N;N;Y;5;0
1381;D;0;SABADELL;2017/04/10;N;Y;N;N;0;0
1382;D;0;SABADELL;2017/04/10;N;N;N;Y;0;0
1383;D;0;SABADELL;2017/04/10;N;N;Y;N;0;0
1384;H;0;SABADELL;2017/04/10;N;N;Y;N;0;0
1385;D;0;SABADELL;2017/04/10;N;N;Y;N;0;0
1386;D;0;SABADELL;2017/04/10;N;Y;N;N;5;0
1387;D;0;SABADELL;2017/04/10;N;N;Y;N;7;0
1388;D;0;SENTMENAT;2017/05/05;N;N;N;Y;3;0
1389;D;0;SABADELL;2017/05/11;Y;N;N;N;3;0
1390;D;0;SABADELL;2017/05/16;Y;N;N;N;5;0
1391;D;0;SABADELL;2017/05/16;N;N;Y;N;6;0
1392;D;0;SABADELL;2017/05/16;N;Y;N;N;4;0
1393;H;0;"CERDANYOLA DEL VALLÈS";2017/05/16;N;Y;N;N;4;1
1394;D;0;SABADELL;2017/06/28;N;Y;N;N;7;0
1395;H;0;SABADELL;2017/06/29;N;N;N;Y;5;0
1396;D;0;SABADELL;2017/06/30;N;Y;N;N;6;0
1397;D;0;SABADELL;2017/06/30;Y;N;N;N;6;0
1398;D;0;SABADELL;2017/06/30;Y;N;N;N;3;0
1399;H;0;SABADELL;2017/06/30;Y;N;N;N;3;1
1400;H;0;SABADELL;2017/07/12;N;N;N;Y;3;0
1401;H;0;SABADELL;2017/07/12;Y;N;N;N;3;0
1402;H;0;BARCELONA;2017/07/12;N;N;N;Y;3;0
1403;D;0;SABADELL;2017/09/18;N;Y;N;N;3;0
1404;H;0;SABADELL;2017/09/18;Y;N;N;N;3;0
1405;D;0;SABADELL;2017/10/10;N;N;N;Y;3;0
1406;D;0;SABADELL;2017/10/18;N;N;N;N;6;0
1407;H;0;SABADELL;2017/10/26;N;Y;N;N;3;0
1408;H;0;SABADELL;2017/10/26;N;N;Y;N;1;0
1409;D;0;SABADELL;2017/10/27;N;Y;N;N;8;0
1410;D;0;"BADIA DEL VALLÈS";2017/11/06;Y;N;N;N;3;0
1411;D;0;SABADELL;2017/11/09;Y;Y;N;N;5;0
1412;D;0;SABADELL;2017/11/09;N;Y;N;N;4;0
1413;D;0;SABADELL;2017/11/09;N;N;N;Y;5;0
1414;H;0;SABADELL;2017/11/09;Y;N;N;N;2;0
1415;D;0;SABADELL;2017/11/21;Y;N;N;N;3;0
1416;H;0;SABADELL;2017/11/27;N;N;N;Y;4;0
1417;D;0;SENTMENAT;2017/11/27;N;Y;N;N;4;0
1418;H;0;SABADELL;2017/11/27;N;Y;N;N;0;0
1419;D;0;SABADELL;2017/11/27;Y;N;N;N;3;0
1420;D;0;SABADELL;2017/11/27;N;Y;N;N;6;0
1421;D;0;SABADELL;2017/11/27;N;Y;N;N;6;0
1422;D;0;SABADELL;2017/11/27;N;N;N;N;3;0
1423;D;0;SABADELL;2017/11/27;N;N;Y;N;6;0
1424;H;0;"SANT QUIRZE DEL VALLÈS";2017/11/27;N;N;Y;N;3;0
1425;D;0;SABADELL;2017/12/01;Y;Y;N;N;0;0
1426;H;0;SABADELL;2017/12/01;N;N;Y;N;0;0
1427;H;0;SABADELL;2017/12/01;N;Y;N;N;0;0
1428;D;0;SABADELL;2017/12/01;N;Y;N;N;0;0
1429;D;0;SABADELL;2017/12/01;N;N;Y;N;4;0
1430;D;0;SABADELL;2017/12/01;Y;N;N;N;0;0
1431;H;0;SABADELL;2017/12/01;N;N;N;Y;0;0
1432;H;0;SABADELL;2017/12/01;N;Y;N;N;0;0
1433;D;0;SABADELL;2017/12/01;N;N;N;Y;0;0
1434;D;0;SABADELL;2017/12/01;N;N;N;Y;0;0
1435;H;0;SABADELL;2017/12/01;N;Y;N;N;0;0
1436;D;0;SABADELL;2017/12/04;N;N;Y;N;0;0
1437;H;0;TERRASSA;2017/12/04;Y;Y;N;N;0;0
1438;D;0;SABADELL;2016/10/25;Y;N;N;N;4;0
1439;H;0;SABADELL;2017/12/05;N;N;N;N;0;0
1440;D;0;SABADELL;2017/12/05;Y;N;N;N;0;0
1441;H;0;SABADELL;2017/12/05;Y;N;N;N;0;0
1443;H;0;SABADELL;2016/10/25;Y;N;N;N;0;0
1444;D;0;SABADELL;2016/10/25;Y;N;N;N;0;0
1445;H;0;SABADELL;2017/12/05;N;N;Y;N;2;0
1446;D;0;"SANTA PERPÈTUA DE MOGODA";2017/12/05;N;Y;N;N;4;0
1447;H;0;SABADELL;2017/12/05;N;Y;N;N;6;0
1448;D;0;"BARBERÀ DEL VALLÈS";2017/12/14;Y;N;N;N;5;0
1449;D;0;SABADELL;2017/12/14;N;Y;N;N;3;0
1450;D;0;SABADELL;2017/12/18;Y;N;N;N;3;0
1451;D;0;SABADELL;2017/12/18;Y;N;N;N;1;0
1452;H;0;SABADELL;2017/12/18;N;N;N;Y;3;0
1453;D;0;SABADELL;2017/12/18;N;Y;N;N;2;1
1454;D;0;SABADELL;2017/12/18;N;Y;N;N;5;0
1455;D;0;"BADIA DEL VALLÈS";2017/12/18;Y;Y;N;N;4;0
1456;D;0;SABADELL;2017/12/22;N;N;Y;N;2;0
1457;D;0;TERRASSA;2017/12/22;Y;N;N;Y;3;0
1458;H;0;SABADELL;2017/12/22;Y;N;N;N;3;0
1459;D;0;SABADELL;2017/12/22;N;N;Y;N;7;0
1460;H;0;SABADELL;2017/12/22;N;N;N;Y;4;0
1461;D;0;SABADELL;2017/12/22;N;N;Y;N;3;0
1462;D;0;SABADELL;2017/11/29;N;N;N;Y;0;0
1463;H;0;SABADELL;2017/11/29;Y;Y;N;N;0;0
1464;H;0;"PARETS DEL VALLÈS";2017/11/29;N;N;N;Y;0;0
1465;D;0;SABADELL;2017/11/29;N;N;N;Y;0;0
1466;D;0;"SANT CUGAT DEL VALLÈS";2017/11/29;N;N;N;Y;0;0
1467;D;0;BARCELONA;2017/11/29;N;N;N;Y;0;0
1468;D;0;SABADELL;2016/10/25;Y;N;N;N;0;0
1469;D;0;SABADELL;2017/11/02;Y;N;N;N;4;0
1470;D;0;SABADELL;2017/10/19;Y;N;N;N;3;0
1471;H;0;SABADELL;2018/01/24;Y;N;N;N;0;0
1472;D;0;SABADELL;2018/01/24;N;N;Y;N;6;0
1473;D;0;SABADELL;2018/01/24;N;Y;N;N;1;0
1474;D;0;SABADELL;2018/01/24;N;Y;N;N;4;0
1475;D;0;SABADELL;2018/01/25;N;Y;N;N;5;0
1476;D;0;SABADELL;2018/01/25;N;Y;N;N;4;1
1477;D;0;SABADELL;2018/01/25;Y;N;N;N;6;0
1478;H;0;SABADELL;2018/01/26;N;N;Y;N;5;0
1479;D;0;SABADELL;2018/02/08;N;Y;N;N;10;0
1480;H;0;SABADELL;2018/02/19;N;Y;N;N;3;0
1481;D;0;SABADELL;2018/02/28;Y;N;N;N;2;0
1482;D;0;SABADELL;2018/02/28;Y;N;N;N;2;0
1483;H;0;SABADELL;2018/02/28;Y;N;N;N;2;0
1484;D;0;SABADELL;2018/02/28;N;Y;N;N;2;0
1485;D;0;SABADELL;2018/02/28;N;N;Y;N;4;0
1486;D;0;SABADELL;2018/02/28;N;N;N;Y;3;0
1487;D;0;SABADELL;2018/02/28;Y;N;N;N;4;0
1488;D;0;SABADELL;2018/02/28;N;N;N;Y;1;0
1489;H;0;SABADELL;2018/03/20;Y;N;N;N;6;0
1490;D;0;SABADELL;2018/03/20;Y;N;N;N;3;0
1491;D;0;SABADELL;2018/03/20;N;Y;N;N;5;0
1492;H;0;SABADELL;2018/04/12;N;N;N;Y;4;0
1493;D;0;SABADELL;2018/04/12;N;N;Y;N;4;0
1494;D;0;SABADELL;2018/04/12;Y;N;N;N;5;0
1495;D;0;SABADELL;2018/04/17;Y;Y;N;N;6;0
1496;D;0;SABADELL;2018/04/17;N;N;Y;N;7;0
1497;H;0;SABADELL;2018/04/18;N;N;Y;N;3;0
1498;D;0;"CERDANYOLA DEL VALLÈS";2018/04/18;Y;N;N;N;6;0
1499;D;0;SABADELL;2018/04/18;Y;N;N;N;5;0
1500;H;0;SABADELL;2018/04/18;N;N;Y;N;5;0
1501;D;0;SABADELL;2018/04/18;Y;Y;N;N;5;0
1502;D;0;"SANT QUIRZE DEL VALLÈS";2018/04/18;Y;N;N;N;4;0
1503;D;0;"CASTELLAR DEL VALLÈS";2018/04/27;N;Y;N;N;5;0
1504;D;0;SABADELL;2018/04/27;Y;Y;N;N;4;0
1505;H;0;SABADELL;2018/04/27;N;N;N;Y;7;0
1506;D;0;SABADELL;2018/04/27;N;N;Y;N;5;0
1507;H;0;SABADELL;2018/05/02;Y;N;N;N;6;0
1508;H;0;"SANT CUGAT DEL VALLÈS";2018/05/02;N;Y;N;N;6;0
1509;D;0;SABADELL;2018/05/02;N;Y;N;N;6;0
1510;H;0;SABADELL;2018/05/07;N;N;Y;N;6;0
1511;D;0;SABADELL;2018/05/07;N;N;Y;N;5;0
1512;D;0;SABADELL;2018/05/08;N;N;Y;N;4;0
1513;D;0;SABADELL;2018/05/09;N;N;Y;N;10;0
1514;D;0;SABADELL;2018/06/15;Y;N;N;N;5;0
1515;D;0;SABADELL;2018/06/15;N;Y;N;N;5;0
1516;D;0;SABADELL;2018/06/15;Y;N;N;N;0;0
1517;D;0;SABADELL;2018/06/15;N;N;Y;N;6;0
1518;H;0;SABADELL;2018/06/15;N;Y;N;N;3;0
1519;D;0;SABADELL;2018/06/15;Y;N;N;N;3;0
1520;D;0;SABADELL;2018/06/15;N;Y;N;N;0;0
1521;H;0;SABADELL;2018/06/15;N;N;N;Y;4;0
1522;D;0;"CASTELLAR DEL VALLÈS";2018/06/21;Y;Y;N;N;3;0
1523;D;0;SABADELL;2018/06/21;N;N;Y;N;3;0
1524;D;0;SABADELL;2018/07/05;N;N;Y;N;7;0
1525;D;0;SABADELL;2018/07/05;N;N;N;Y;4;0
1526;D;0;SABADELL;2018/07/05;Y;N;N;N;5;0
1527;D;0;SABADELL;2018/07/12;Y;Y;N;N;4;0
1528;D;0;SABADELL;2018/07/18;N;Y;N;N;5;0
1529;D;0;SABADELL;2018/07/18;N;Y;N;N;5;0
1530;D;0;SABADELL;2018/07/18;Y;N;N;N;3;0
1531;D;0;SABADELL;2018/07/18;N;Y;N;N;7;0
1532;H;0;"SANT QUIRZE DEL VALLÈS";2018/07/20;Y;N;N;N;4;0
1533;D;0;SABADELL;2018/07/26;N;Y;N;N;7;0
1534;H;0;SABADELL;2018/09/03;N;N;N;N;0;0
1535;D;0;SABADELL;2018/09/12;N;Y;N;N;0;0
1536;H;0;SABADELL;2018/09/13;N;N;Y;N;5;0
1537;D;0;SABADELL;2018/09/21;N;N;Y;N;4;0
1538;D;0;SABADELL;2018/09/21;N;N;Y;N;3;0
1539;D;0;SABADELL;2018/09/21;N;Y;N;N;7;0
1540;H;0;SABADELL;2018/09/24;N;Y;N;N;5;0
1541;D;0;SABADELL;2018/10/03;N;N;Y;N;9;0
1542;D;0;SABADELL;2018/10/03;N;Y;N;N;6;0
1543;D;0;SABADELL;2018/10/03;N;N;Y;N;4;0
1544;D;0;SABADELL;2018/10/03;N;N;N;Y;7;0
1545;D;0;SABADELL;2018/10/03;Y;N;N;N;5;0
1546;D;0;SABADELL;2018/10/10;N;N;N;Y;2;1
1547;D;0;"BARBERÀ DEL VALLÈS";2018/10/10;N;Y;N;N;2;0
1548;D;0;SABADELL;2018/10/11;N;Y;N;N;5;0
1549;H;0;SABADELL;2018/10/11;N;Y;N;N;4;0
1550;H;0;SABADELL;2018/10/11;N;Y;N;N;2;0
1551;D;0;SABADELL;2018/10/24;Y;Y;N;N;4;0
1552;H;0;SABADELL;2018/10/24;N;N;N;Y;5;0
1553;D;0;SABADELL;2018/10/24;Y;N;N;N;6;0
1554;D;0;SABADELL;2018/10/26;N;N;Y;N;5;0
1555;H;0;SABADELL;2018/10/26;N;N;N;Y;5;0
1556;D;0;SABADELL;2018/11/05;N;N;N;Y;5;0
1557;D;0;SABADELL;2018/11/09;Y;N;N;N;7;0
1558;D;0;SABADELL;2018/11/09;Y;N;N;N;4;0
1559;H;0;SABADELL;2018/11/09;N;N;N;Y;6;0
1560;H;0;SABADELL;2018/11/09;N;Y;N;N;5;0
1561;D;0;SABADELL;2018/11/09;N;N;Y;N;4;0
1562;H;0;SABADELL;2018/11/20;N;N;Y;N;5;0
1563;D;0;SABADELL;2018/11/20;N;Y;N;N;5;0
1564;D;0;SABADELL;2018/11/20;N;Y;N;N;4;0
1565;D;0;SABADELL;2018/11/21;N;Y;N;N;4;0
1566;D;0;SABADELL;2018/11/22;N;Y;N;N;4;0
1567;D;0;SABADELL;2018/11/22;N;N;Y;N;3;0
1568;D;0;SABADELL;2018/11/22;N;N;Y;N;2;0
1569;H;0;SABADELL;2018/12/13;N;N;N;Y;2;0
1570;D;0;MATADEPERA;2018/12/13;Y;N;N;N;3;0
1571;D;0;SABADELL;2018/12/14;Y;N;N;N;4;0
1572;D;0;SABADELL;2018/12/14;Y;N;N;N;4;0
1573;H;0;SABADELL;2019/01/02;N;N;Y;N;6;0
1574;H;0;SABADELL;2019/01/02;N;Y;N;N;8;0
1575;D;0;SABADELL;2019/01/11;N;N;Y;N;3;0
1576;H;0;"SANT QUIRZE DEL VALLÈS";2019/01/11;N;Y;N;N;4;0
1577;D;0;SABADELL;2019/01/11;N;Y;N;N;3;0
1578;H;0;SABADELL;2019/01/14;N;N;N;Y;5;0
1579;D;0;SABADELL;2019/01/14;N;Y;N;N;7;0
